"Age","RemoteWork","EdLevel","OrgSize","Country","WorkExp","ConvertedCompYearly","C..","Julia","MATLAB","Python","R","Scala","SQL"
"18-24 years old","Hybrid (some remote, some in-person)","Bachelor’s degree (B.A., B.S., B.Eng., etc.)","2 to 99","Canada",7,52046,1,0,0,1,0,0,0
"35-44 years old","Hybrid (some remote, some in-person)","Professional degree (JD, MD, Ph.D, Ed.D, etc.)","100 to 999","Cyprus",16,74963,0,0,1,1,1,0,1
"25-34 years old","In-person","Master’s degree (M.A., M.S., M.Eng., MBA, etc.)","2 to 99","Netherlands",9,NA,0,0,0,1,0,0,1
"25-34 years old","Remote","Professional degree (JD, MD, Ph.D, Ed.D, etc.)","100 to 999","Germany",3,117798,0,1,1,1,0,0,0
"35-44 years old","Remote","Master’s degree (M.A., M.S., M.Eng., MBA, etc.)","2 to 99","Spain",13,64254,0,0,0,1,0,1,1
"25-34 years old","Remote","Master’s degree (M.A., M.S., M.Eng., MBA, etc.)","2 to 99","Italy",3,NA,1,0,1,0,0,0,1
"25-34 years old","Hybrid (some remote, some in-person)","Master’s degree (M.A., M.S., M.Eng., MBA, etc.)","1000 to 9999","France",NA,88884,0,0,0,1,0,0,1
"35-44 years old","Hybrid (some remote, some in-person)","Master’s degree (M.A., M.S., M.Eng., MBA, etc.)","10000 or more","United States of America",NA,125000,0,0,0,1,1,0,1
"25-34 years old","Hybrid (some remote, some in-person)","Professional degree (JD, MD, Ph.D, Ed.D, etc.)","2 to 99","Finland",NA,107090,0,0,0,1,0,0,1
"25-34 years old","Hybrid (some remote, some in-person)","Master’s degree (M.A., M.S., M.Eng., MBA, etc.)","100 to 999","Spain",10,NA,0,0,0,1,0,0,1
"25-34 years old","Remote","Bachelor’s degree (B.A., B.S., B.Eng., etc.)","2 to 99","Romania",5,57724,0,0,0,0,1,1,0
"25-34 years old","Remote","Master’s degree (M.A., M.S., M.Eng., MBA, etc.)","100 to 999","United States of America",NA,238000,0,0,0,1,1,0,1
"25-34 years old","Hybrid (some remote, some in-person)","Bachelor’s degree (B.A., B.S., B.Eng., etc.)","10000 or more","Sweden",11,59892,0,0,0,1,0,0,1
"25-34 years old","In-person","Professional degree (JD, MD, Ph.D, Ed.D, etc.)","2 to 99","Austria",2,57828,0,0,0,1,0,0,1
"45-54 years old","Remote","Master’s degree (M.A., M.S., M.Eng., MBA, etc.)","2 to 99","Canada",26,111527,0,0,0,1,0,0,1
"25-34 years old","Hybrid (some remote, some in-person)","Master’s degree (M.A., M.S., M.Eng., MBA, etc.)","100 to 999","Germany",2,55687,0,0,0,1,1,0,1
"25-34 years old","Hybrid (some remote, some in-person)","Master’s degree (M.A., M.S., M.Eng., MBA, etc.)","1000 to 9999","Denmark",NA,104819,0,0,0,1,0,0,1
"25-34 years old","Hybrid (some remote, some in-person)","Professional degree (JD, MD, Ph.D, Ed.D, etc.)","100 to 999","United Kingdom of Great Britain and Northern Ireland",NA,52138,0,0,1,1,1,0,0
"35-44 years old","Remote","Master’s degree (M.A., M.S., M.Eng., MBA, etc.)","2 to 99","Turkey",13,89955,0,1,0,1,0,0,0
"25-34 years old","Hybrid (some remote, some in-person)","Master’s degree (M.A., M.S., M.Eng., MBA, etc.)","100 to 999","Switzerland",5,NA,0,0,0,1,0,0,0
"35-44 years old","Remote","Master’s degree (M.A., M.S., M.Eng., MBA, etc.)","10000 or more","United States of America",20,200000,0,0,0,1,0,0,1
"25-34 years old","Hybrid (some remote, some in-person)","Master’s degree (M.A., M.S., M.Eng., MBA, etc.)","100 to 999","Austria",9,NA,0,0,0,1,1,0,1
"25-34 years old","Hybrid (some remote, some in-person)","Master’s degree (M.A., M.S., M.Eng., MBA, etc.)","100 to 999","Germany",NA,NA,0,0,0,1,1,0,1
"25-34 years old","In-person","Bachelor’s degree (B.A., B.S., B.Eng., etc.)","2 to 99","United States of America",NA,130000,0,0,0,1,0,0,0
"25-34 years old","Hybrid (some remote, some in-person)","Master’s degree (M.A., M.S., M.Eng., MBA, etc.)","10000 or more","Switzerland",3,124544,0,0,0,1,1,0,1
"25-34 years old","Hybrid (some remote, some in-person)","Master’s degree (M.A., M.S., M.Eng., MBA, etc.)","2 to 99","United States of America",8,190000,1,0,1,1,1,0,0
"25-34 years old","Hybrid (some remote, some in-person)","Master’s degree (M.A., M.S., M.Eng., MBA, etc.)","2 to 99","Switzerland",10,93684,0,0,0,1,0,0,1
"25-34 years old","Hybrid (some remote, some in-person)","Bachelor’s degree (B.A., B.S., B.Eng., etc.)","100 to 999","United States of America",NA,351000,0,0,0,1,0,0,0
"25-34 years old","Remote","Master’s degree (M.A., M.S., M.Eng., MBA, etc.)","100 to 999","Portugal",6,47119,0,0,0,1,0,0,0
"18-24 years old","Hybrid (some remote, some in-person)","Bachelor’s degree (B.A., B.S., B.Eng., etc.)","100 to 999","United Kingdom of Great Britain and Northern Ireland",3,NA,0,0,0,1,0,0,0
"35-44 years old","Hybrid (some remote, some in-person)","Bachelor’s degree (B.A., B.S., B.Eng., etc.)","100 to 999","United States of America",8,110000,0,0,0,1,0,0,1
"35-44 years old","Remote","Professional degree (JD, MD, Ph.D, Ed.D, etc.)","2 to 99","United States of America",10,140000,0,0,0,1,0,0,1
"35-44 years old","Remote","Professional degree (JD, MD, Ph.D, Ed.D, etc.)","100 to 999","United States of America",15,180000,0,0,0,1,1,0,1
"25-34 years old","In-person","Professional degree (JD, MD, Ph.D, Ed.D, etc.)","100 to 999","Germany",NA,68537,0,1,0,1,1,0,0
"55-64 years old","In-person","Master’s degree (M.A., M.S., M.Eng., MBA, etc.)","2 to 99","Switzerland",25,NA,0,0,0,1,1,0,1
"25-34 years old","Remote","Professional degree (JD, MD, Ph.D, Ed.D, etc.)","1000 to 9999","Germany",9,85672,0,0,0,1,0,0,1
"25-34 years old","Hybrid (some remote, some in-person)","Master’s degree (M.A., M.S., M.Eng., MBA, etc.)","2 to 99","Finland",NA,NA,0,0,0,1,0,0,0
"25-34 years old","Remote","Bachelor’s degree (B.A., B.S., B.Eng., etc.)","100 to 999","United States of America",8,130000,0,0,0,1,0,0,0
"35-44 years old","Hybrid (some remote, some in-person)","Professional degree (JD, MD, Ph.D, Ed.D, etc.)","10000 or more","Germany",11,96381,0,0,0,0,1,0,0
"35-44 years old","Remote","Master’s degree (M.A., M.S., M.Eng., MBA, etc.)","2 to 99","United States of America",6,168000,0,0,0,1,0,0,1
"25-34 years old","Remote","Master’s degree (M.A., M.S., M.Eng., MBA, etc.)","100 to 999","Canada",9,113014,1,0,1,1,0,0,0
"25-34 years old","Remote","Bachelor’s degree (B.A., B.S., B.Eng., etc.)","10000 or more","Canada",4,111527,0,0,0,1,0,1,0
"25-34 years old","Hybrid (some remote, some in-person)","Master’s degree (M.A., M.S., M.Eng., MBA, etc.)","1000 to 9999","United States of America",2,200000,1,0,0,1,0,0,1
"25-34 years old","Remote","Master’s degree (M.A., M.S., M.Eng., MBA, etc.)","1000 to 9999","United States of America",NA,NA,0,0,1,1,0,0,0
"25-34 years old","Remote","Master’s degree (M.A., M.S., M.Eng., MBA, etc.)","2 to 99","Slovakia",NA,61041,0,0,0,1,0,0,0
"25-34 years old","Hybrid (some remote, some in-person)","Bachelor’s degree (B.A., B.S., B.Eng., etc.)","1000 to 9999","Poland",NA,NA,0,0,0,1,0,0,1
"25-34 years old","Hybrid (some remote, some in-person)","Master’s degree (M.A., M.S., M.Eng., MBA, etc.)","1000 to 9999","Hungary",4,45246,0,0,0,1,0,0,1
"25-34 years old","Hybrid (some remote, some in-person)","Professional degree (JD, MD, Ph.D, Ed.D, etc.)","100 to 999","Germany",7,85672,0,1,0,1,0,0,1
"18-24 years old","Hybrid (some remote, some in-person)","Master’s degree (M.A., M.S., M.Eng., MBA, etc.)","100 to 999","United States of America",NA,NA,1,1,0,1,0,0,0
"45-54 years old","Hybrid (some remote, some in-person)","Professional degree (JD, MD, Ph.D, Ed.D, etc.)","2 to 99","Germany",25,128507,0,0,0,1,1,0,1
"45-54 years old","Remote","Professional degree (JD, MD, Ph.D, Ed.D, etc.)","2 to 99","United States of America",20,400000,1,0,0,1,0,0,0
"35-44 years old","Hybrid (some remote, some in-person)","Master’s degree (M.A., M.S., M.Eng., MBA, etc.)","10000 or more","United States of America",13,320000,0,0,0,1,0,0,0
"25-34 years old","Remote","Bachelor’s degree (B.A., B.S., B.Eng., etc.)","100 to 999","Canada",3,70634,0,0,0,1,0,0,0
"25-34 years old","Hybrid (some remote, some in-person)","Master’s degree (M.A., M.S., M.Eng., MBA, etc.)","1000 to 9999","Finland",NA,53973,0,0,1,1,0,0,1
"25-34 years old","Remote","Bachelor’s degree (B.A., B.S., B.Eng., etc.)","10000 or more","United States of America",10,185000,0,1,0,1,1,1,1
"25-34 years old","Hybrid (some remote, some in-person)","Bachelor’s degree (B.A., B.S., B.Eng., etc.)","10000 or more","United States of America",NA,301000,1,0,0,0,0,0,0
"25-34 years old","Hybrid (some remote, some in-person)","Master’s degree (M.A., M.S., M.Eng., MBA, etc.)","100 to 999","United States of America",NA,110000,0,0,0,1,1,0,1
"35-44 years old","In-person","Master’s degree (M.A., M.S., M.Eng., MBA, etc.)","2 to 99","United States of America",27,200000,1,0,0,1,0,0,1
"25-34 years old","Hybrid (some remote, some in-person)","Master’s degree (M.A., M.S., M.Eng., MBA, etc.)","10000 or more","United States of America",NA,125000,0,0,1,1,0,0,0
"35-44 years old","Remote","Professional degree (JD, MD, Ph.D, Ed.D, etc.)","10000 or more","United States of America",10,362000,0,0,0,1,0,0,0
"65 years or older","Remote","Master’s degree (M.A., M.S., M.Eng., MBA, etc.)","10000 or more","United States of America",50,300000,0,0,0,1,0,0,1
"18-24 years old","In-person","Professional degree (JD, MD, Ph.D, Ed.D, etc.)","100 to 999","United States of America",6,450000,1,0,0,1,1,0,0
"35-44 years old","Hybrid (some remote, some in-person)","Master’s degree (M.A., M.S., M.Eng., MBA, etc.)","10000 or more","United States of America",15,NA,0,0,0,0,0,1,0
"18-24 years old","Remote","Some college/university study without earning a degree","2 to 99","Canada",4,54277,0,0,0,1,0,0,0
"25-34 years old","Remote","Master’s degree (M.A., M.S., M.Eng., MBA, etc.)","2 to 99","United States of America",5,134250,0,0,0,1,0,0,0
"45-54 years old","Remote","Professional degree (JD, MD, Ph.D, Ed.D, etc.)","2 to 99","United States of America",13,170000,0,0,0,1,1,0,0
"35-44 years old","Hybrid (some remote, some in-person)","Professional degree (JD, MD, Ph.D, Ed.D, etc.)","10000 or more","Germany",7,107090,0,0,0,1,0,0,0
"35-44 years old","Hybrid (some remote, some in-person)","Professional degree (JD, MD, Ph.D, Ed.D, etc.)","10000 or more","Finland",15,NA,0,0,0,1,0,0,0
"25-34 years old","Hybrid (some remote, some in-person)","Some college/university study without earning a degree","10000 or more","Germany",3,64254,0,0,0,1,0,0,1
"45-54 years old","Hybrid (some remote, some in-person)","Professional degree (JD, MD, Ph.D, Ed.D, etc.)","2 to 99","Bulgaria",24,42699,1,0,1,1,1,0,1
"25-34 years old","Hybrid (some remote, some in-person)","Bachelor’s degree (B.A., B.S., B.Eng., etc.)","1000 to 9999","Hungary",NA,NA,0,0,0,1,0,0,0
"35-44 years old","In-person","Professional degree (JD, MD, Ph.D, Ed.D, etc.)","2 to 99","Spain",4,32127,0,0,0,1,0,0,0
"25-34 years old","Hybrid (some remote, some in-person)","Master’s degree (M.A., M.S., M.Eng., MBA, etc.)","10000 or more","Sweden",2,55285,1,0,0,1,0,0,1
"35-44 years old","Hybrid (some remote, some in-person)","Master’s degree (M.A., M.S., M.Eng., MBA, etc.)","2 to 99","Belgium",NA,77104,1,0,0,1,0,0,0
"25-34 years old","Hybrid (some remote, some in-person)","Master’s degree (M.A., M.S., M.Eng., MBA, etc.)","100 to 999","Norway",NA,71584,0,0,0,1,0,0,0
"25-34 years old","Remote","Professional degree (JD, MD, Ph.D, Ed.D, etc.)","100 to 999","United States of America",NA,NA,0,0,0,1,0,0,0
"25-34 years old","Hybrid (some remote, some in-person)","Master’s degree (M.A., M.S., M.Eng., MBA, etc.)","10000 or more","Germany",4,NA,0,0,0,1,0,0,1
"25-34 years old","Hybrid (some remote, some in-person)","Master’s degree (M.A., M.S., M.Eng., MBA, etc.)","1000 to 9999","Netherlands",6,64254,0,0,0,1,0,0,0
"25-34 years old","Remote","Bachelor’s degree (B.A., B.S., B.Eng., etc.)","2 to 99","Turkey",11,33845,0,0,0,1,0,0,1
"25-34 years old","Remote","Master’s degree (M.A., M.S., M.Eng., MBA, etc.)","10000 or more","United States of America",NA,850000,1,0,0,1,0,0,0
"25-34 years old","Hybrid (some remote, some in-person)","Master’s degree (M.A., M.S., M.Eng., MBA, etc.)","10000 or more","France",5,44978,1,0,0,0,1,0,0
"25-34 years old","Hybrid (some remote, some in-person)","Professional degree (JD, MD, Ph.D, Ed.D, etc.)","100 to 999","Germany",9,74963,0,0,1,1,0,0,1
"25-34 years old","In-person","Master’s degree (M.A., M.S., M.Eng., MBA, etc.)","10000 or more","France",NA,NA,1,0,0,1,1,0,0
"35-44 years old","Hybrid (some remote, some in-person)","Professional degree (JD, MD, Ph.D, Ed.D, etc.)","1000 to 9999","Finland",10,74963,0,0,0,1,0,0,1
"35-44 years old","Hybrid (some remote, some in-person)","Master’s degree (M.A., M.S., M.Eng., MBA, etc.)","100 to 999","Germany",10,92097,0,0,0,1,1,0,1
"35-44 years old","Hybrid (some remote, some in-person)","Professional degree (JD, MD, Ph.D, Ed.D, etc.)","10000 or more","Denmark",6,120779,0,0,0,1,0,0,0
"35-44 years old","Hybrid (some remote, some in-person)","Master’s degree (M.A., M.S., M.Eng., MBA, etc.)","2 to 99","United Kingdom of Great Britain and Northern Ireland",16,79448,0,0,0,1,0,0,1
"25-34 years old","Hybrid (some remote, some in-person)","Professional degree (JD, MD, Ph.D, Ed.D, etc.)","10000 or more","Germany",3,107090,0,0,0,1,0,0,1
"25-34 years old","Hybrid (some remote, some in-person)","Master’s degree (M.A., M.S., M.Eng., MBA, etc.)","100 to 999","Netherlands",NA,69608,0,0,0,1,0,0,1
"25-34 years old","Hybrid (some remote, some in-person)","Professional degree (JD, MD, Ph.D, Ed.D, etc.)","1000 to 9999","Germany",5,160634,1,0,0,1,1,0,1
"25-34 years old","Hybrid (some remote, some in-person)","Professional degree (JD, MD, Ph.D, Ed.D, etc.)","100 to 999","France",NA,53545,1,0,0,0,1,0,1
"18-24 years old","Hybrid (some remote, some in-person)","Master’s degree (M.A., M.S., M.Eng., MBA, etc.)","2 to 99","Netherlands",3,67466,0,0,0,1,0,0,0
"25-34 years old","Hybrid (some remote, some in-person)","Master’s degree (M.A., M.S., M.Eng., MBA, etc.)","10000 or more","Germany",10,74940,0,0,0,1,0,0,1
"25-34 years old","Hybrid (some remote, some in-person)","Master’s degree (M.A., M.S., M.Eng., MBA, etc.)","100 to 999","Turkey",NA,NA,1,0,0,1,0,0,0
"35-44 years old","Hybrid (some remote, some in-person)","Master’s degree (M.A., M.S., M.Eng., MBA, etc.)","100 to 999","Belgium",17,107090,0,0,0,1,0,0,0
"25-34 years old","In-person","Master’s degree (M.A., M.S., M.Eng., MBA, etc.)","2 to 99","Norway",9,75662,1,0,0,1,0,0,0
"45-54 years old","Hybrid (some remote, some in-person)","Professional degree (JD, MD, Ph.D, Ed.D, etc.)","2 to 99","Hungary",15,63809,0,0,1,1,0,1,0
"35-44 years old","In-person","Professional degree (JD, MD, Ph.D, Ed.D, etc.)","1000 to 9999","Germany",NA,NA,0,0,0,1,0,0,0
"25-34 years old","Hybrid (some remote, some in-person)","Master’s degree (M.A., M.S., M.Eng., MBA, etc.)","1000 to 9999","Italy",3,32127,1,0,1,1,1,0,1
"25-34 years old","Hybrid (some remote, some in-person)","Professional degree (JD, MD, Ph.D, Ed.D, etc.)","10000 or more","Germany",NA,107090,0,0,0,1,0,0,1
"25-34 years old","Hybrid (some remote, some in-person)","Master’s degree (M.A., M.S., M.Eng., MBA, etc.)","100 to 999","Germany",2,107090,0,0,0,1,0,0,1
"35-44 years old","Hybrid (some remote, some in-person)","Professional degree (JD, MD, Ph.D, Ed.D, etc.)","1000 to 9999","Denmark",NA,126818,0,0,0,1,0,0,0
"18-24 years old","In-person","Master’s degree (M.A., M.S., M.Eng., MBA, etc.)","1000 to 9999","Luxembourg",NA,54616,1,0,1,1,1,0,0
"35-44 years old","Hybrid (some remote, some in-person)","Master’s degree (M.A., M.S., M.Eng., MBA, etc.)","1000 to 9999","Germany",19,96595,0,0,0,1,0,0,1
"35-44 years old","Hybrid (some remote, some in-person)","Professional degree (JD, MD, Ph.D, Ed.D, etc.)","100 to 999","France",NA,52474,1,0,0,1,0,0,0
"35-44 years old","Hybrid (some remote, some in-person)","Professional degree (JD, MD, Ph.D, Ed.D, etc.)","1000 to 9999","Germany",10,NA,0,0,0,1,0,0,1
"25-34 years old","Remote","Bachelor’s degree (B.A., B.S., B.Eng., etc.)","2 to 99","Spain",7,85672,0,0,0,1,0,0,0
"25-34 years old","Hybrid (some remote, some in-person)","Master’s degree (M.A., M.S., M.Eng., MBA, etc.)","10000 or more","Germany",6,80317,0,0,0,1,1,0,1
"35-44 years old","Hybrid (some remote, some in-person)","Master’s degree (M.A., M.S., M.Eng., MBA, etc.)","1000 to 9999","Italy",15,NA,0,0,0,0,1,0,1
"25-34 years old","Hybrid (some remote, some in-person)","Master’s degree (M.A., M.S., M.Eng., MBA, etc.)","2 to 99","Netherlands",NA,48190,0,0,0,1,0,0,1
"25-34 years old","Hybrid (some remote, some in-person)","Master’s degree (M.A., M.S., M.Eng., MBA, etc.)","100 to 999","Netherlands",NA,66396,0,0,0,1,0,0,1
"25-34 years old","Hybrid (some remote, some in-person)","Professional degree (JD, MD, Ph.D, Ed.D, etc.)","2 to 99","France",10,NA,0,0,0,1,0,0,0
"35-44 years old","Hybrid (some remote, some in-person)","Professional degree (JD, MD, Ph.D, Ed.D, etc.)","2 to 99","Finland",NA,53545,0,0,0,1,1,0,1
"25-34 years old","Hybrid (some remote, some in-person)","Master’s degree (M.A., M.S., M.Eng., MBA, etc.)","2 to 99","Italy",5,55151,0,0,0,1,0,0,1
"45-54 years old","Hybrid (some remote, some in-person)","Professional degree (JD, MD, Ph.D, Ed.D, etc.)","2 to 99","Italy",22,NA,0,0,0,1,0,0,0
"25-34 years old","Hybrid (some remote, some in-person)","Professional degree (JD, MD, Ph.D, Ed.D, etc.)","10000 or more","United Kingdom of Great Britain and Northern Ireland",NA,60828,0,0,0,0,1,0,1
"25-34 years old","Hybrid (some remote, some in-person)","Master’s degree (M.A., M.S., M.Eng., MBA, etc.)","2 to 99","Italy",2,32127,0,0,0,1,0,0,0
"25-34 years old","Hybrid (some remote, some in-person)","Master’s degree (M.A., M.S., M.Eng., MBA, etc.)","10000 or more","United Kingdom of Great Britain and Northern Ireland",9,148966,0,0,0,1,0,0,0
"25-34 years old","Remote","Master’s degree (M.A., M.S., M.Eng., MBA, etc.)","2 to 99","Poland",6,53834,1,0,0,1,0,0,0
"25-34 years old","Hybrid (some remote, some in-person)","Master’s degree (M.A., M.S., M.Eng., MBA, etc.)","1000 to 9999","Germany",3,80317,0,0,0,1,1,0,1
"25-34 years old","Remote","Professional degree (JD, MD, Ph.D, Ed.D, etc.)","100 to 999","Germany",7,NA,0,0,0,1,0,0,0
"25-34 years old","Hybrid (some remote, some in-person)","Professional degree (JD, MD, Ph.D, Ed.D, etc.)","100 to 999","United Kingdom of Great Britain and Northern Ireland",NA,62690,0,0,0,1,0,0,0
"25-34 years old","Hybrid (some remote, some in-person)","Master’s degree (M.A., M.S., M.Eng., MBA, etc.)","10000 or more","Germany",NA,101735,0,0,0,1,0,0,0
"45-54 years old","Hybrid (some remote, some in-person)","Bachelor’s degree (B.A., B.S., B.Eng., etc.)","100 to 999","United Kingdom of Great Britain and Northern Ireland",NA,112966,0,0,0,1,0,0,0
"45-54 years old","Hybrid (some remote, some in-person)","Professional degree (JD, MD, Ph.D, Ed.D, etc.)","1000 to 9999","Italy",NA,NA,0,0,0,1,1,0,1
"25-34 years old","Hybrid (some remote, some in-person)","Master’s degree (M.A., M.S., M.Eng., MBA, etc.)","1000 to 9999","Norway",2,54368,0,0,0,1,0,0,1
"25-34 years old","Hybrid (some remote, some in-person)","Professional degree (JD, MD, Ph.D, Ed.D, etc.)","10000 or more","Austria",13,160634,1,0,0,1,0,0,1
"25-34 years old","Hybrid (some remote, some in-person)","Master’s degree (M.A., M.S., M.Eng., MBA, etc.)","2 to 99","United Kingdom of Great Britain and Northern Ireland",NA,105517,0,0,0,1,0,0,0
"35-44 years old","Remote","Professional degree (JD, MD, Ph.D, Ed.D, etc.)","2 to 99","United Kingdom of Great Britain and Northern Ireland",NA,55862,1,0,0,1,0,0,1
"25-34 years old","Hybrid (some remote, some in-person)","Master’s degree (M.A., M.S., M.Eng., MBA, etc.)","1000 to 9999","United Kingdom of Great Britain and Northern Ireland",NA,46428,0,1,0,1,0,0,1
"45-54 years old","Hybrid (some remote, some in-person)","Master’s degree (M.A., M.S., M.Eng., MBA, etc.)","2 to 99","Denmark",13,84028,0,0,0,1,1,0,1
"35-44 years old","Remote","Professional degree (JD, MD, Ph.D, Ed.D, etc.)","10000 or more","Italy",10,NA,0,0,1,1,1,0,1
"25-34 years old","In-person","Professional degree (JD, MD, Ph.D, Ed.D, etc.)","100 to 999","United Kingdom of Great Britain and Northern Ireland",2,86897,1,0,0,1,0,0,0
"65 years or older","Remote","Professional degree (JD, MD, Ph.D, Ed.D, etc.)","100 to 999","United Kingdom of Great Britain and Northern Ireland",NA,68276,1,0,1,1,0,0,0
"25-34 years old","Remote","Master’s degree (M.A., M.S., M.Eng., MBA, etc.)","100 to 999","Spain",NA,113515,0,0,0,1,0,0,0
"35-44 years old","Hybrid (some remote, some in-person)","Master’s degree (M.A., M.S., M.Eng., MBA, etc.)","2 to 99","Finland",14,64254,0,0,0,0,1,0,1
"25-34 years old","Hybrid (some remote, some in-person)","Master’s degree (M.A., M.S., M.Eng., MBA, etc.)","2 to 99","Germany",NA,59970,0,0,0,1,1,0,1
"25-34 years old","Hybrid (some remote, some in-person)","Master’s degree (M.A., M.S., M.Eng., MBA, etc.)","2 to 99","Germany",NA,NA,0,0,1,0,1,0,1
"25-34 years old","Hybrid (some remote, some in-person)","Master’s degree (M.A., M.S., M.Eng., MBA, etc.)","2 to 99","Estonia",6,48190,0,0,0,1,0,0,0
"25-34 years old","Hybrid (some remote, some in-person)","Master’s degree (M.A., M.S., M.Eng., MBA, etc.)","2 to 99","Spain",NA,48190,0,0,0,1,1,1,0
"25-34 years old","Hybrid (some remote, some in-person)","Professional degree (JD, MD, Ph.D, Ed.D, etc.)","1000 to 9999","United Kingdom of Great Britain and Northern Ireland",6,161380,0,0,0,1,0,0,1
"35-44 years old","Remote","Professional degree (JD, MD, Ph.D, Ed.D, etc.)","1000 to 9999","United Kingdom of Great Britain and Northern Ireland",NA,78207,0,0,0,0,0,0,0
"35-44 years old","Remote","Professional degree (JD, MD, Ph.D, Ed.D, etc.)","2 to 99","United Kingdom of Great Britain and Northern Ireland",9,110483,0,0,1,1,0,0,0
"25-34 years old","In-person","Master’s degree (M.A., M.S., M.Eng., MBA, etc.)","2 to 99","United Kingdom of Great Britain and Northern Ireland",6,310345,0,0,0,1,0,0,1
"45-54 years old","Remote","Bachelor’s degree (B.A., B.S., B.Eng., etc.)","2 to 99","United Kingdom of Great Britain and Northern Ireland",40,124138,0,0,0,1,1,0,1
"25-34 years old","Hybrid (some remote, some in-person)","Master’s degree (M.A., M.S., M.Eng., MBA, etc.)","2 to 99","Poland",7,48331,0,0,0,1,0,0,1
"25-34 years old","Hybrid (some remote, some in-person)","Bachelor’s degree (B.A., B.S., B.Eng., etc.)","2 to 99","Germany",5,64254,0,0,0,1,0,0,1
"25-34 years old","Hybrid (some remote, some in-person)","Master’s degree (M.A., M.S., M.Eng., MBA, etc.)","10000 or more","Netherlands",NA,56912,0,0,0,1,0,0,1
"35-44 years old","Hybrid (some remote, some in-person)","Bachelor’s degree (B.A., B.S., B.Eng., etc.)","10000 or more","Ireland",8,91026,0,0,0,1,1,0,1
"45-54 years old","Hybrid (some remote, some in-person)","Professional degree (JD, MD, Ph.D, Ed.D, etc.)","10000 or more","Portugal",30,96381,0,0,0,1,0,0,1
"25-34 years old","In-person","Bachelor’s degree (B.A., B.S., B.Eng., etc.)","10000 or more","United States of America",2,95000,0,0,0,1,0,0,1
"25-34 years old","Hybrid (some remote, some in-person)","Master’s degree (M.A., M.S., M.Eng., MBA, etc.)","100 to 999","Germany",6,89955,0,0,0,1,0,0,1
"25-34 years old","Remote","Bachelor’s degree (B.A., B.S., B.Eng., etc.)","2 to 99","Germany",7,112444,0,0,0,1,0,1,0
"25-34 years old","In-person","Professional degree (JD, MD, Ph.D, Ed.D, etc.)","10000 or more","Switzerland",NA,NA,1,0,0,1,0,0,1
"25-34 years old","Hybrid (some remote, some in-person)","Master’s degree (M.A., M.S., M.Eng., MBA, etc.)","1000 to 9999","United Kingdom of Great Britain and Northern Ireland",7,74483,1,0,0,1,0,0,0
"25-34 years old","Hybrid (some remote, some in-person)","Master’s degree (M.A., M.S., M.Eng., MBA, etc.)","100 to 999","France",NA,47119,0,0,0,1,0,0,1
"25-34 years old","In-person","Master’s degree (M.A., M.S., M.Eng., MBA, etc.)","100 to 999","France",4,48940,0,0,0,1,1,0,1
"35-44 years old","Hybrid (some remote, some in-person)","Professional degree (JD, MD, Ph.D, Ed.D, etc.)","2 to 99","Spain",9,48190,0,0,0,1,0,0,0
"25-34 years old","Hybrid (some remote, some in-person)","Master’s degree (M.A., M.S., M.Eng., MBA, etc.)","2 to 99","United Kingdom of Great Britain and Northern Ireland",3,111724,0,0,0,1,0,0,0
"35-44 years old","Remote","Master’s degree (M.A., M.S., M.Eng., MBA, etc.)","1000 to 9999","Switzerland",NA,143281,1,0,0,1,1,0,0
"18-24 years old","Hybrid (some remote, some in-person)","Bachelor’s degree (B.A., B.S., B.Eng., etc.)","10000 or more","Spain",1,33198,0,0,0,1,0,0,1
"25-34 years old","Hybrid (some remote, some in-person)","Master’s degree (M.A., M.S., M.Eng., MBA, etc.)","100 to 999","Germany",5,74963,0,0,0,1,0,0,0
"25-34 years old","Hybrid (some remote, some in-person)","Professional degree (JD, MD, Ph.D, Ed.D, etc.)","2 to 99","Netherlands",NA,53545,1,0,1,1,1,0,1
"35-44 years old","Remote","Master’s degree (M.A., M.S., M.Eng., MBA, etc.)","100 to 999","United States of America",13,NA,0,0,0,1,1,0,1
"35-44 years old","In-person","Master’s degree (M.A., M.S., M.Eng., MBA, etc.)","1000 to 9999","United Kingdom of Great Britain and Northern Ireland",NA,141207,0,0,0,0,1,0,0
"35-44 years old","Hybrid (some remote, some in-person)","Master’s degree (M.A., M.S., M.Eng., MBA, etc.)","2 to 99","Belgium",NA,74963,0,0,0,1,0,0,0
"25-34 years old","Hybrid (some remote, some in-person)","Master’s degree (M.A., M.S., M.Eng., MBA, etc.)","2 to 99","Finland",NA,NA,0,0,0,1,0,0,0
"35-44 years old","Hybrid (some remote, some in-person)","Professional degree (JD, MD, Ph.D, Ed.D, etc.)","1000 to 9999","France",NA,160634,0,0,0,1,0,0,0
"25-34 years old","Remote","Master’s degree (M.A., M.S., M.Eng., MBA, etc.)","2 to 99","Serbia",NA,NA,0,0,0,1,0,0,0
"25-34 years old","Hybrid (some remote, some in-person)","Master’s degree (M.A., M.S., M.Eng., MBA, etc.)","2 to 99","Spain",2,32127,1,0,0,1,0,0,1
"25-34 years old","Remote","Master’s degree (M.A., M.S., M.Eng., MBA, etc.)","2 to 99","Sweden",NA,49756,1,0,0,1,0,0,0
"25-34 years old","Hybrid (some remote, some in-person)","Master’s degree (M.A., M.S., M.Eng., MBA, etc.)","2 to 99","Finland",5,55687,1,0,1,1,0,0,1
"18-24 years old","Hybrid (some remote, some in-person)","Master’s degree (M.A., M.S., M.Eng., MBA, etc.)","100 to 999","France",2,59970,1,0,0,1,0,0,0
"35-44 years old","Hybrid (some remote, some in-person)","Master’s degree (M.A., M.S., M.Eng., MBA, etc.)","100 to 999","Poland",20,102883,0,0,0,1,0,0,0
"35-44 years old","Remote","Professional degree (JD, MD, Ph.D, Ed.D, etc.)","1000 to 9999","United States of America",NA,160000,1,0,0,1,0,0,0
"25-34 years old","Hybrid (some remote, some in-person)","Master’s degree (M.A., M.S., M.Eng., MBA, etc.)","1000 to 9999","United Kingdom of Great Britain and Northern Ireland",NA,291725,0,0,0,1,0,0,0
"25-34 years old","Hybrid (some remote, some in-person)","Master’s degree (M.A., M.S., M.Eng., MBA, etc.)","2 to 99","Croatia",4,31056,1,0,0,1,0,0,0
"25-34 years old","Hybrid (some remote, some in-person)","Master’s degree (M.A., M.S., M.Eng., MBA, etc.)","2 to 99","Armenia",10,66368,0,0,0,1,0,0,1
"35-44 years old","Remote","Master’s degree (M.A., M.S., M.Eng., MBA, etc.)","2 to 99","United States of America",20,NA,1,0,0,0,1,0,1
"35-44 years old","In-person","Professional degree (JD, MD, Ph.D, Ed.D, etc.)","2 to 99","Canada",4,NA,0,0,0,1,0,0,1
"35-44 years old","Remote","Bachelor’s degree (B.A., B.S., B.Eng., etc.)","10000 or more","United States of America",15,NA,0,0,0,1,0,0,1
"35-44 years old","Remote","Master’s degree (M.A., M.S., M.Eng., MBA, etc.)","1000 to 9999","United States of America",12,280000,0,0,0,1,1,1,1
"25-34 years old","Hybrid (some remote, some in-person)","Master’s degree (M.A., M.S., M.Eng., MBA, etc.)","100 to 999","United Kingdom of Great Britain and Northern Ireland",10,105517,0,0,0,1,0,0,1
"25-34 years old","Remote","Master’s degree (M.A., M.S., M.Eng., MBA, etc.)","10000 or more","Poland",12,31104,1,0,1,1,1,0,1
"25-34 years old","Remote","Professional degree (JD, MD, Ph.D, Ed.D, etc.)","10000 or more","United States of America",6,250000,0,0,0,1,0,1,1
"25-34 years old","Remote","Master’s degree (M.A., M.S., M.Eng., MBA, etc.)","10000 or more","United States of America",10,100000,0,0,0,1,0,0,1
"35-44 years old","Remote","Professional degree (JD, MD, Ph.D, Ed.D, etc.)","1000 to 9999","Germany",NA,89955,0,0,0,1,0,0,0
"45-54 years old","Remote","Bachelor’s degree (B.A., B.S., B.Eng., etc.)","10000 or more","United States of America",20,120000,0,0,0,1,0,0,1
"18-24 years old","Hybrid (some remote, some in-person)","Master’s degree (M.A., M.S., M.Eng., MBA, etc.)","2 to 99","United States of America",1,74000,0,0,0,1,0,0,0
"25-34 years old","In-person","Master’s degree (M.A., M.S., M.Eng., MBA, etc.)","2 to 99","Austria",2,58899,1,0,0,1,0,0,0
"25-34 years old","Hybrid (some remote, some in-person)","Master’s degree (M.A., M.S., M.Eng., MBA, etc.)","2 to 99","United Kingdom of Great Britain and Northern Ireland",3,86897,0,0,0,1,1,0,1
"25-34 years old","Hybrid (some remote, some in-person)","Master’s degree (M.A., M.S., M.Eng., MBA, etc.)","100 to 999","France",3,53545,0,0,0,1,0,0,0
"35-44 years old","Remote","Master’s degree (M.A., M.S., M.Eng., MBA, etc.)","100 to 999","Canada",18,208478,0,0,0,1,0,0,0
"35-44 years old","Remote","Professional degree (JD, MD, Ph.D, Ed.D, etc.)","2 to 99","United States of America",10,110000,0,0,0,1,0,0,0
"35-44 years old","Hybrid (some remote, some in-person)","Professional degree (JD, MD, Ph.D, Ed.D, etc.)","10000 or more","Italy",9,NA,0,0,0,1,1,0,1
"45-54 years old","Remote","Master’s degree (M.A., M.S., M.Eng., MBA, etc.)","2 to 99","United States of America",8,197500,0,0,0,1,1,0,1
"25-34 years old","Hybrid (some remote, some in-person)","Master’s degree (M.A., M.S., M.Eng., MBA, etc.)","1000 to 9999","Austria",2,58899,0,0,0,1,0,0,1
"35-44 years old","Remote","Bachelor’s degree (B.A., B.S., B.Eng., etc.)","100 to 999","United States of America",NA,181000,0,0,0,1,0,0,1
"25-34 years old","Hybrid (some remote, some in-person)","Bachelor’s degree (B.A., B.S., B.Eng., etc.)","2 to 99","United States of America",7,90000,0,0,0,1,1,0,1
"35-44 years old","Remote","Master’s degree (M.A., M.S., M.Eng., MBA, etc.)","1000 to 9999","United States of America",18,367000,0,0,0,0,1,0,1
"25-34 years old","In-person","Professional degree (JD, MD, Ph.D, Ed.D, etc.)","10000 or more","United States of America",8,225000,0,0,1,1,1,0,1
"35-44 years old","Remote","Professional degree (JD, MD, Ph.D, Ed.D, etc.)","100 to 999","United States of America",5,NA,0,0,0,1,0,0,0
"25-34 years old","Remote","Master’s degree (M.A., M.S., M.Eng., MBA, etc.)","10000 or more","United States of America",10,120000,0,0,0,1,1,0,1
"25-34 years old","Hybrid (some remote, some in-person)","Master’s degree (M.A., M.S., M.Eng., MBA, etc.)","2 to 99","Denmark",6,72468,1,0,0,1,0,0,0
"25-34 years old","Hybrid (some remote, some in-person)","Master’s degree (M.A., M.S., M.Eng., MBA, etc.)","10000 or more","United States of America",NA,85000,0,0,0,1,0,0,1
"25-34 years old","Remote","Master’s degree (M.A., M.S., M.Eng., MBA, etc.)","2 to 99","Canada",NA,148703,0,0,0,1,0,0,1
"25-34 years old","Hybrid (some remote, some in-person)","Master’s degree (M.A., M.S., M.Eng., MBA, etc.)","1000 to 9999","Italy",2,31056,0,0,0,1,0,0,0
"35-44 years old","Hybrid (some remote, some in-person)","Master’s degree (M.A., M.S., M.Eng., MBA, etc.)","10000 or more","United Kingdom of Great Britain and Northern Ireland",NA,127862,0,0,0,1,0,0,0
"35-44 years old","Remote","Professional degree (JD, MD, Ph.D, Ed.D, etc.)","2 to 99","United Kingdom of Great Britain and Northern Ireland",15,124138,0,0,0,1,1,0,0
"35-44 years old","Remote","Master’s degree (M.A., M.S., M.Eng., MBA, etc.)","2 to 99","Germany",9,NA,0,0,0,1,0,0,1
"35-44 years old","Remote","Professional degree (JD, MD, Ph.D, Ed.D, etc.)","1000 to 9999","United States of America",4,146000,0,0,0,1,0,0,1
"25-34 years old","Hybrid (some remote, some in-person)","Bachelor’s degree (B.A., B.S., B.Eng., etc.)","1000 to 9999","Netherlands",NA,72821,0,0,0,1,0,0,0
"25-34 years old","Remote","Master’s degree (M.A., M.S., M.Eng., MBA, etc.)","100 to 999","Germany",1,55687,0,0,1,1,1,0,0
"35-44 years old","Remote","Bachelor’s degree (B.A., B.S., B.Eng., etc.)","100 to 999","United States of America",15,200000,1,0,0,1,0,0,1
"35-44 years old","Remote","Bachelor’s degree (B.A., B.S., B.Eng., etc.)","10000 or more","United States of America",3,85000,0,0,0,1,1,0,1
"25-34 years old","Hybrid (some remote, some in-person)","Master’s degree (M.A., M.S., M.Eng., MBA, etc.)","1000 to 9999","United States of America",NA,537000,0,0,0,1,0,0,1
"45-54 years old","Remote","Master’s degree (M.A., M.S., M.Eng., MBA, etc.)","10000 or more","United States of America",15,206000,0,0,0,1,1,0,0
"25-34 years old","Hybrid (some remote, some in-person)","Bachelor’s degree (B.A., B.S., B.Eng., etc.)","2 to 99","United States of America",10,185000,1,0,0,1,0,0,1
"25-34 years old","Hybrid (some remote, some in-person)","Professional degree (JD, MD, Ph.D, Ed.D, etc.)","10000 or more","Switzerland",7,275541,1,0,0,1,0,0,0
"25-34 years old","Remote","Master’s degree (M.A., M.S., M.Eng., MBA, etc.)","2 to 99","Germany",17,48190,0,0,0,1,0,0,0
"35-44 years old","Hybrid (some remote, some in-person)","Master’s degree (M.A., M.S., M.Eng., MBA, etc.)","1000 to 9999","Germany",NA,NA,0,0,0,0,1,0,1
"35-44 years old","Hybrid (some remote, some in-person)","Professional degree (JD, MD, Ph.D, Ed.D, etc.)","100 to 999","United States of America",NA,113000,0,0,0,0,1,0,0
"25-34 years old","Hybrid (some remote, some in-person)","Master’s degree (M.A., M.S., M.Eng., MBA, etc.)","100 to 999","France",NA,68430,1,0,0,1,0,0,0
"35-44 years old","Remote","Master’s degree (M.A., M.S., M.Eng., MBA, etc.)","100 to 999","United States of America",11,180000,0,0,0,0,1,0,1
"35-44 years old","Remote","Master’s degree (M.A., M.S., M.Eng., MBA, etc.)","100 to 999","Canada",7,81787,0,0,1,1,1,0,1
"35-44 years old","In-person","Master’s degree (M.A., M.S., M.Eng., MBA, etc.)","10000 or more","United States of America",5,120000,1,0,0,1,1,0,0
"25-34 years old","Hybrid (some remote, some in-person)","Master’s degree (M.A., M.S., M.Eng., MBA, etc.)","100 to 999","United Kingdom of Great Britain and Northern Ireland",6,99311,0,0,0,1,0,1,0
"35-44 years old","Hybrid (some remote, some in-person)","Master’s degree (M.A., M.S., M.Eng., MBA, etc.)","10000 or more","Denmark",6,132857,1,1,0,1,1,0,1
"25-34 years old","Hybrid (some remote, some in-person)","Master’s degree (M.A., M.S., M.Eng., MBA, etc.)","100 to 999","United States of America",NA,250000,1,0,0,1,1,0,1
"18-24 years old","Hybrid (some remote, some in-person)","Bachelor’s degree (B.A., B.S., B.Eng., etc.)","10000 or more","United Kingdom of Great Britain and Northern Ireland",2,NA,0,0,0,1,0,0,1
"25-34 years old","In-person","Professional degree (JD, MD, Ph.D, Ed.D, etc.)","2 to 99","United States of America",NA,NA,0,1,0,1,0,0,0
"25-34 years old","Remote","Master’s degree (M.A., M.S., M.Eng., MBA, etc.)","100 to 999","Canada",NA,137550,0,0,0,1,0,0,1
"35-44 years old","Remote","Bachelor’s degree (B.A., B.S., B.Eng., etc.)","1000 to 9999","United States of America",NA,131000,0,0,0,1,0,0,1
"25-34 years old","Remote","Master’s degree (M.A., M.S., M.Eng., MBA, etc.)","10000 or more","United States of America",NA,NA,0,0,0,1,0,0,1
"45-54 years old","In-person","Master’s degree (M.A., M.S., M.Eng., MBA, etc.)","2 to 99","United States of America",NA,180000,0,0,0,1,0,0,0
"25-34 years old","Hybrid (some remote, some in-person)","Master’s degree (M.A., M.S., M.Eng., MBA, etc.)","2 to 99","Germany",5,83530,0,0,0,1,0,0,1
"25-34 years old","Remote","Master’s degree (M.A., M.S., M.Eng., MBA, etc.)","100 to 999","United Kingdom of Great Britain and Northern Ireland",1,57724,0,0,0,1,0,0,1
"35-44 years old","Remote","Professional degree (JD, MD, Ph.D, Ed.D, etc.)","2 to 99","United Kingdom of Great Britain and Northern Ireland",10,55862,1,0,0,1,0,0,1
"45-54 years old","Hybrid (some remote, some in-person)","Professional degree (JD, MD, Ph.D, Ed.D, etc.)","2 to 99","Ireland",31,107090,0,1,0,1,1,1,1
"35-44 years old","Remote","Master’s degree (M.A., M.S., M.Eng., MBA, etc.)","100 to 999","Spain",16,107090,0,0,0,1,0,0,0
"35-44 years old","In-person","Professional degree (JD, MD, Ph.D, Ed.D, etc.)","10000 or more","Norway",18,135919,0,0,0,1,0,0,1
"35-44 years old","Hybrid (some remote, some in-person)","Master’s degree (M.A., M.S., M.Eng., MBA, etc.)","1000 to 9999","Canada",NA,110784,0,0,0,1,1,0,0
"25-34 years old","Hybrid (some remote, some in-person)","Master’s degree (M.A., M.S., M.Eng., MBA, etc.)","2 to 99","Austria",6,64254,0,0,0,1,1,0,1
"35-44 years old","Remote","Professional degree (JD, MD, Ph.D, Ed.D, etc.)","10000 or more","United States of America",NA,165000,0,0,0,1,0,0,1
"25-34 years old","Remote","Bachelor’s degree (B.A., B.S., B.Eng., etc.)","2 to 99","United States of America",9,180000,0,0,0,1,0,0,1
"25-34 years old","Hybrid (some remote, some in-person)","Bachelor’s degree (B.A., B.S., B.Eng., etc.)","100 to 999","United States of America",NA,146000,0,0,0,1,0,0,0
"25-34 years old","Remote","Master’s degree (M.A., M.S., M.Eng., MBA, etc.)","100 to 999","Germany",10,113515,0,0,0,1,0,1,1
"35-44 years old","Remote","Professional degree (JD, MD, Ph.D, Ed.D, etc.)","100 to 999","Canada",18,163573,0,0,0,1,0,0,0
"35-44 years old","Hybrid (some remote, some in-person)","Professional degree (JD, MD, Ph.D, Ed.D, etc.)","10000 or more","Czech Republic",NA,NA,0,0,0,0,0,0,0
"55-64 years old","Hybrid (some remote, some in-person)","Professional degree (JD, MD, Ph.D, Ed.D, etc.)","1000 to 9999","United States of America",NA,NA,1,0,0,1,0,0,1
"25-34 years old","Remote","Professional degree (JD, MD, Ph.D, Ed.D, etc.)","1000 to 9999","United States of America",3,150000,0,0,0,1,1,0,1
"25-34 years old","Hybrid (some remote, some in-person)","Bachelor’s degree (B.A., B.S., B.Eng., etc.)","10000 or more","United States of America",NA,130000,0,0,0,1,0,0,1
"25-34 years old","Hybrid (some remote, some in-person)","Professional degree (JD, MD, Ph.D, Ed.D, etc.)","100 to 999","Belgium",NA,63183,0,0,0,1,0,0,0
"35-44 years old","Hybrid (some remote, some in-person)","Bachelor’s degree (B.A., B.S., B.Eng., etc.)","100 to 999","Netherlands",16,NA,0,0,0,1,0,0,0
"35-44 years old","Hybrid (some remote, some in-person)","Master’s degree (M.A., M.S., M.Eng., MBA, etc.)","1000 to 9999","United States of America",20,200000,0,0,0,1,0,0,0
"25-34 years old","Hybrid (some remote, some in-person)","Bachelor’s degree (B.A., B.S., B.Eng., etc.)","100 to 999","United States of America",10,135000,0,0,0,1,0,0,0
"25-34 years old","Hybrid (some remote, some in-person)","Master’s degree (M.A., M.S., M.Eng., MBA, etc.)","10000 or more","United States of America",NA,130000,0,0,0,1,0,0,0
"35-44 years old","In-person","Professional degree (JD, MD, Ph.D, Ed.D, etc.)","100 to 999","United States of America",26,1300000,1,0,0,1,0,0,0
"35-44 years old","Remote","Professional degree (JD, MD, Ph.D, Ed.D, etc.)","1000 to 9999","United States of America",15,255000,0,0,0,1,0,0,1
"25-34 years old","Remote","Master’s degree (M.A., M.S., M.Eng., MBA, etc.)","10000 or more","United States of America",4,145000,0,0,0,1,1,0,1
"25-34 years old","Remote","Master’s degree (M.A., M.S., M.Eng., MBA, etc.)","1000 to 9999","United States of America",7,155000,0,0,0,1,1,0,1
"25-34 years old","Hybrid (some remote, some in-person)","Master’s degree (M.A., M.S., M.Eng., MBA, etc.)","100 to 999","France",7,48190,0,1,0,1,1,1,1
"25-34 years old","Hybrid (some remote, some in-person)","Professional degree (JD, MD, Ph.D, Ed.D, etc.)","10000 or more","United Kingdom of Great Britain and Northern Ireland",3,43448,0,0,0,1,1,0,1
"25-34 years old","Remote","Professional degree (JD, MD, Ph.D, Ed.D, etc.)","10000 or more","United States of America",8,118000,0,0,0,1,0,0,1
"35-44 years old","Hybrid (some remote, some in-person)","Professional degree (JD, MD, Ph.D, Ed.D, etc.)","10000 or more","Germany",20,NA,0,0,0,1,0,0,0
"25-34 years old","Remote","Master’s degree (M.A., M.S., M.Eng., MBA, etc.)","100 to 999","Italy",1,44978,0,0,0,1,0,0,1
"65 years or older","Remote","Master’s degree (M.A., M.S., M.Eng., MBA, etc.)","10000 or more","United States of America",48,165000,0,0,0,1,0,0,0
"25-34 years old","Hybrid (some remote, some in-person)","Master’s degree (M.A., M.S., M.Eng., MBA, etc.)","10000 or more","Switzerland",10,187368,1,0,0,1,0,0,1
"55-64 years old","Remote","Professional degree (JD, MD, Ph.D, Ed.D, etc.)","100 to 999","United States of America",15,150000,0,0,0,1,1,0,1
"25-34 years old","Hybrid (some remote, some in-person)","Bachelor’s degree (B.A., B.S., B.Eng., etc.)","10000 or more","Spain",NA,64254,0,0,0,1,0,0,0
"25-34 years old","Remote","Master’s degree (M.A., M.S., M.Eng., MBA, etc.)","10000 or more","United States of America",NA,NA,0,0,0,1,0,1,0
"45-54 years old","Hybrid (some remote, some in-person)","Professional degree (JD, MD, Ph.D, Ed.D, etc.)","10000 or more","Austria",NA,NA,0,0,0,1,0,0,1
"45-54 years old","Hybrid (some remote, some in-person)","Master’s degree (M.A., M.S., M.Eng., MBA, etc.)","10000 or more","Canada",25,185879,1,0,1,0,0,0,1
"25-34 years old","Remote","Master’s degree (M.A., M.S., M.Eng., MBA, etc.)","10000 or more","United States of America",9,NA,1,0,0,1,0,0,0
"25-34 years old","Hybrid (some remote, some in-person)","Master’s degree (M.A., M.S., M.Eng., MBA, etc.)","10000 or more","Netherlands",4,58899,0,0,0,1,0,0,1
"25-34 years old","Hybrid (some remote, some in-person)","Master’s degree (M.A., M.S., M.Eng., MBA, etc.)","2 to 99","United States of America",NA,125000,0,0,0,1,0,0,1
"18-24 years old","Hybrid (some remote, some in-person)","Bachelor’s degree (B.A., B.S., B.Eng., etc.)","2 to 99","United States of America",2,270000,1,1,0,1,0,0,0
"35-44 years old","Remote","Professional degree (JD, MD, Ph.D, Ed.D, etc.)","100 to 999","United States of America",14,145000,0,0,0,1,0,0,1
"45-54 years old","Remote","Master’s degree (M.A., M.S., M.Eng., MBA, etc.)","10000 or more","United States of America",23,208000,0,0,0,1,1,0,1
"25-34 years old","Remote","Bachelor’s degree (B.A., B.S., B.Eng., etc.)","100 to 999","United States of America",NA,110000,0,1,0,1,0,1,0
"45-54 years old","Remote","Master’s degree (M.A., M.S., M.Eng., MBA, etc.)","2 to 99","Canada",25,64686,0,0,0,1,1,0,1
"55-64 years old","Remote","Master’s degree (M.A., M.S., M.Eng., MBA, etc.)","2 to 99","United States of America",40,250000,0,0,1,1,0,0,1
"25-34 years old","Hybrid (some remote, some in-person)","Master’s degree (M.A., M.S., M.Eng., MBA, etc.)","1000 to 9999","United States of America",7,135000,0,0,0,1,1,0,1
"25-34 years old","Hybrid (some remote, some in-person)","Master’s degree (M.A., M.S., M.Eng., MBA, etc.)","10000 or more","United States of America",10,240000,0,0,0,1,0,0,0
"35-44 years old","In-person","Master’s degree (M.A., M.S., M.Eng., MBA, etc.)","100 to 999","United States of America",NA,1200000,0,0,0,0,1,0,0
"25-34 years old","Hybrid (some remote, some in-person)","Master’s degree (M.A., M.S., M.Eng., MBA, etc.)","100 to 999","United States of America",NA,130000,0,0,0,1,1,0,0
"35-44 years old","Hybrid (some remote, some in-person)","Professional degree (JD, MD, Ph.D, Ed.D, etc.)","10000 or more","United States of America",1,300000,0,0,0,1,0,0,1
"35-44 years old","Remote","Professional degree (JD, MD, Ph.D, Ed.D, etc.)","100 to 999","United States of America",12,185000,0,0,0,1,0,0,1
"25-34 years old","In-person","Master’s degree (M.A., M.S., M.Eng., MBA, etc.)","100 to 999","United States of America",7,190000,0,1,0,1,1,0,1
"55-64 years old","Remote","Some college/university study without earning a degree","2 to 99","United States of America",35,100000,0,0,0,0,1,0,0
"25-34 years old","Remote","Professional degree (JD, MD, Ph.D, Ed.D, etc.)","2 to 99","Canada",7,118962,0,0,0,1,0,0,1
"25-34 years old","Remote","Master’s degree (M.A., M.S., M.Eng., MBA, etc.)","100 to 999","Italy",NA,NA,1,0,0,1,0,0,1
"35-44 years old","Hybrid (some remote, some in-person)","Professional degree (JD, MD, Ph.D, Ed.D, etc.)","10000 or more","United States of America",10,430000,0,0,0,1,0,1,0
"25-34 years old","Remote","Professional degree (JD, MD, Ph.D, Ed.D, etc.)","1000 to 9999","United States of America",6,600000,0,0,0,1,1,0,0
"25-34 years old","Hybrid (some remote, some in-person)","Bachelor’s degree (B.A., B.S., B.Eng., etc.)","100 to 999","Spain",4,NA,0,0,0,1,0,1,1
"35-44 years old","Hybrid (some remote, some in-person)","Master’s degree (M.A., M.S., M.Eng., MBA, etc.)","1000 to 9999","United States of America",25,550000,0,0,0,1,0,0,1
"25-34 years old","Hybrid (some remote, some in-person)","Master’s degree (M.A., M.S., M.Eng., MBA, etc.)","2 to 99","Sweden",NA,61919,0,0,0,1,0,0,1
"25-34 years old","Hybrid (some remote, some in-person)","Bachelor’s degree (B.A., B.S., B.Eng., etc.)","2 to 99","United States of America",NA,NA,1,0,0,1,0,0,0
"25-34 years old","Hybrid (some remote, some in-person)","Master’s degree (M.A., M.S., M.Eng., MBA, etc.)","1000 to 9999","Netherlands",NA,77104,0,0,1,1,0,0,1
"25-34 years old","Hybrid (some remote, some in-person)","Master’s degree (M.A., M.S., M.Eng., MBA, etc.)","1000 to 9999","Austria",NA,74963,0,0,0,1,0,0,1
"35-44 years old","Remote","Master’s degree (M.A., M.S., M.Eng., MBA, etc.)","2 to 99","Ukraine",17,72000,1,0,0,1,0,0,0
"25-34 years old","Hybrid (some remote, some in-person)","Master’s degree (M.A., M.S., M.Eng., MBA, etc.)","1000 to 9999","Germany",5,87813,0,0,0,1,0,0,1
"25-34 years old","Hybrid (some remote, some in-person)","Master’s degree (M.A., M.S., M.Eng., MBA, etc.)","100 to 999","Denmark",4,71892,0,0,0,1,1,0,1
"25-34 years old","Hybrid (some remote, some in-person)","Master’s degree (M.A., M.S., M.Eng., MBA, etc.)","10000 or more","Poland",10,47852,0,0,0,1,1,0,1
"35-44 years old","Hybrid (some remote, some in-person)","Master’s degree (M.A., M.S., M.Eng., MBA, etc.)","2 to 99","Sweden",22,110570,0,1,0,1,0,0,1
"35-44 years old","Remote","Master’s degree (M.A., M.S., M.Eng., MBA, etc.)","100 to 999","Italy",NA,47119,0,0,0,1,0,0,1
"25-34 years old","Hybrid (some remote, some in-person)","Master’s degree (M.A., M.S., M.Eng., MBA, etc.)","100 to 999","Germany",9,235597,0,0,0,1,1,0,0
"18-24 years old","In-person","Master’s degree (M.A., M.S., M.Eng., MBA, etc.)","100 to 999","Spain",NA,23560,1,0,0,1,0,0,0
"35-44 years old","Hybrid (some remote, some in-person)","Bachelor’s degree (B.A., B.S., B.Eng., etc.)","1000 to 9999","Netherlands",13,85672,0,0,0,1,0,0,1
"35-44 years old","Hybrid (some remote, some in-person)","Master’s degree (M.A., M.S., M.Eng., MBA, etc.)","1000 to 9999","Netherlands",NA,85672,0,0,0,1,0,0,0
"35-44 years old","Remote","Master’s degree (M.A., M.S., M.Eng., MBA, etc.)","1000 to 9999","Poland",15,43067,0,0,0,1,0,0,1
"25-34 years old","Remote","Master’s degree (M.A., M.S., M.Eng., MBA, etc.)","2 to 99","United Kingdom of Great Britain and Northern Ireland",NA,62069,0,0,0,0,1,0,1
"25-34 years old","Hybrid (some remote, some in-person)","Bachelor’s degree (B.A., B.S., B.Eng., etc.)","2 to 99","United Kingdom of Great Britain and Northern Ireland",NA,NA,0,0,0,1,0,0,1
"25-34 years old","In-person","Master’s degree (M.A., M.S., M.Eng., MBA, etc.)","100 to 999","Denmark",5,101800,1,0,0,1,0,0,0
"25-34 years old","Hybrid (some remote, some in-person)","Professional degree (JD, MD, Ph.D, Ed.D, etc.)","100 to 999","Denmark",NA,230056,0,0,0,1,0,0,0
"25-34 years old","Remote","Master’s degree (M.A., M.S., M.Eng., MBA, etc.)","100 to 999","Germany",6,69608,0,0,0,1,0,0,0
"45-54 years old","Hybrid (some remote, some in-person)","Master’s degree (M.A., M.S., M.Eng., MBA, etc.)","1000 to 9999","Sweden",23,27642,0,0,0,1,0,0,0
"25-34 years old","Hybrid (some remote, some in-person)","Master’s degree (M.A., M.S., M.Eng., MBA, etc.)","10000 or more","France",5,85672,0,0,0,1,0,0,1
"25-34 years old","Remote","Master’s degree (M.A., M.S., M.Eng., MBA, etc.)","2 to 99","Ukraine",NA,NA,0,0,0,1,0,0,1
"25-34 years old","Hybrid (some remote, some in-person)","Master’s degree (M.A., M.S., M.Eng., MBA, etc.)","1000 to 9999","Italy",NA,47119,0,0,0,1,0,1,1
"25-34 years old","Hybrid (some remote, some in-person)","Master’s degree (M.A., M.S., M.Eng., MBA, etc.)","10000 or more","Germany",5,85672,0,0,0,1,1,0,0
"35-44 years old","Hybrid (some remote, some in-person)","Master’s degree (M.A., M.S., M.Eng., MBA, etc.)","100 to 999","United States of America",16,132000,0,0,0,1,1,0,0
"35-44 years old","Hybrid (some remote, some in-person)","Bachelor’s degree (B.A., B.S., B.Eng., etc.)","10000 or more","United States of America",NA,140000,0,0,0,1,0,0,1
"25-34 years old","In-person","Master’s degree (M.A., M.S., M.Eng., MBA, etc.)","2 to 99","Slovakia",NA,NA,0,0,0,1,0,0,0
"25-34 years old","Hybrid (some remote, some in-person)","Master’s degree (M.A., M.S., M.Eng., MBA, etc.)","100 to 999","France",NA,59970,0,0,0,0,0,0,0
"35-44 years old","Hybrid (some remote, some in-person)","Master’s degree (M.A., M.S., M.Eng., MBA, etc.)","10000 or more","Germany",12,112444,1,0,0,1,0,0,0
"35-44 years old","Hybrid (some remote, some in-person)","Professional degree (JD, MD, Ph.D, Ed.D, etc.)","10000 or more","Denmark",14,143785,1,0,0,1,0,0,0
"35-44 years old","Hybrid (some remote, some in-person)","Professional degree (JD, MD, Ph.D, Ed.D, etc.)","2 to 99","Canada",22,NA,0,0,0,1,1,0,0
"25-34 years old","Hybrid (some remote, some in-person)","Professional degree (JD, MD, Ph.D, Ed.D, etc.)","100 to 999","Spain",NA,48190,0,0,0,1,1,0,0
"35-44 years old","Hybrid (some remote, some in-person)","Master’s degree (M.A., M.S., M.Eng., MBA, etc.)","10000 or more","United States of America",10,190000,0,0,0,1,0,0,1
"25-34 years old","Hybrid (some remote, some in-person)","Master’s degree (M.A., M.S., M.Eng., MBA, etc.)","10000 or more","France",5,57828,0,0,0,1,1,0,1
"25-34 years old","Hybrid (some remote, some in-person)","Bachelor’s degree (B.A., B.S., B.Eng., etc.)","10000 or more","United States of America",11,167000,0,0,0,1,0,0,1
"35-44 years old","Hybrid (some remote, some in-person)","Master’s degree (M.A., M.S., M.Eng., MBA, etc.)","10000 or more","United States of America",20,105000,0,0,0,1,1,0,0
"25-34 years old","Hybrid (some remote, some in-person)","Professional degree (JD, MD, Ph.D, Ed.D, etc.)","1000 to 9999","Belgium",NA,82459,0,0,0,1,0,0,1
"35-44 years old","Hybrid (some remote, some in-person)","Master’s degree (M.A., M.S., M.Eng., MBA, etc.)","2 to 99","Germany",NA,88456,0,0,0,1,1,1,0
"25-34 years old","Hybrid (some remote, some in-person)","Master’s degree (M.A., M.S., M.Eng., MBA, etc.)","10000 or more","France",4,67466,0,0,0,1,0,0,0
"25-34 years old","Hybrid (some remote, some in-person)","Master’s degree (M.A., M.S., M.Eng., MBA, etc.)","100 to 999","France",NA,138146,0,0,0,1,0,0,0
"35-44 years old","Hybrid (some remote, some in-person)","Professional degree (JD, MD, Ph.D, Ed.D, etc.)","100 to 999","United States of America",7,145000,0,0,0,1,1,0,1
"25-34 years old","Hybrid (some remote, some in-person)","Master’s degree (M.A., M.S., M.Eng., MBA, etc.)","2 to 99","France",NA,80317,0,0,0,1,0,0,1
"25-34 years old","Remote","Some college/university study without earning a degree","2 to 99","United States of America",8,NA,0,0,0,1,0,0,0
"35-44 years old","Remote","Master’s degree (M.A., M.S., M.Eng., MBA, etc.)","100 to 999","Belgium",14,74963,0,0,0,1,0,0,0
"45-54 years old","Remote","Bachelor’s degree (B.A., B.S., B.Eng., etc.)","10000 or more","Germany",NA,117798,0,0,0,1,0,0,1
"25-34 years old","In-person","Master’s degree (M.A., M.S., M.Eng., MBA, etc.)","2 to 99","Germany",6,80317,0,0,0,1,0,0,1
"18-24 years old","Hybrid (some remote, some in-person)","Master’s degree (M.A., M.S., M.Eng., MBA, etc.)","2 to 99","Netherlands",2,NA,0,0,0,1,1,0,1
"25-34 years old","Remote","Bachelor’s degree (B.A., B.S., B.Eng., etc.)","1000 to 9999","United States of America",1,73000,0,0,0,1,1,0,1
"35-44 years old","Remote","Master’s degree (M.A., M.S., M.Eng., MBA, etc.)","1000 to 9999","United States of America",16,230000,0,0,0,1,1,0,1
"25-34 years old","Remote","Master’s degree (M.A., M.S., M.Eng., MBA, etc.)","1000 to 9999","United States of America",NA,140000,1,0,0,1,0,0,1
"45-54 years old","In-person","Master’s degree (M.A., M.S., M.Eng., MBA, etc.)","100 to 999","Denmark",NA,115028,0,0,0,1,0,0,0
"25-34 years old","Remote","Master’s degree (M.A., M.S., M.Eng., MBA, etc.)","10000 or more","Spain",5,NA,0,0,0,1,0,0,1
"55-64 years old","Remote","Master’s degree (M.A., M.S., M.Eng., MBA, etc.)","2 to 99","United States of America",41,NA,1,0,0,1,0,0,0
"25-34 years old","Hybrid (some remote, some in-person)","Master’s degree (M.A., M.S., M.Eng., MBA, etc.)","1000 to 9999","United Kingdom of Great Britain and Northern Ireland",NA,73862,0,0,0,1,1,0,0
"25-34 years old","Remote","Master’s degree (M.A., M.S., M.Eng., MBA, etc.)","1000 to 9999","United States of America",NA,NA,0,0,0,1,0,0,1
"35-44 years old","Hybrid (some remote, some in-person)","Professional degree (JD, MD, Ph.D, Ed.D, etc.)","10000 or more","Belgium",10,107090,0,0,1,1,1,0,1
"25-34 years old","Remote","Master’s degree (M.A., M.S., M.Eng., MBA, etc.)","1000 to 9999","United States of America",NA,690000,0,0,0,1,1,0,1
"35-44 years old","Remote","Bachelor’s degree (B.A., B.S., B.Eng., etc.)","2 to 99","United States of America",22,330000,0,0,0,1,0,0,1
"25-34 years old","Hybrid (some remote, some in-person)","Master’s degree (M.A., M.S., M.Eng., MBA, etc.)","1000 to 9999","United States of America",4,115000,0,0,0,1,0,0,1
"35-44 years old","Hybrid (some remote, some in-person)","Professional degree (JD, MD, Ph.D, Ed.D, etc.)","10000 or more","Switzerland",8,132260,0,0,0,1,0,0,0
"25-34 years old","Hybrid (some remote, some in-person)","Professional degree (JD, MD, Ph.D, Ed.D, etc.)","1000 to 9999","United States of America",3,105000,0,0,0,1,0,0,0
"25-34 years old","Remote","Bachelor’s degree (B.A., B.S., B.Eng., etc.)","10000 or more","United States of America",8,NA,0,0,0,1,0,0,0
"25-34 years old","Hybrid (some remote, some in-person)","Master’s degree (M.A., M.S., M.Eng., MBA, etc.)","10000 or more","United States of America",5,160000,0,0,0,1,0,1,0
"25-34 years old","Hybrid (some remote, some in-person)","Master’s degree (M.A., M.S., M.Eng., MBA, etc.)","2 to 99","Hungary",19,69610,1,0,0,1,0,0,1
"25-34 years old","Remote","Master’s degree (M.A., M.S., M.Eng., MBA, etc.)","2 to 99","Spain",NA,48190,0,0,0,1,0,0,0
"18-24 years old","Hybrid (some remote, some in-person)","Bachelor’s degree (B.A., B.S., B.Eng., etc.)","100 to 999","United Kingdom of Great Britain and Northern Ireland",NA,47793,0,0,0,1,1,0,0
"25-34 years old","Hybrid (some remote, some in-person)","Master’s degree (M.A., M.S., M.Eng., MBA, etc.)","1000 to 9999","Austria",5,58899,0,0,0,1,0,0,0
"25-34 years old","In-person","Master’s degree (M.A., M.S., M.Eng., MBA, etc.)","1000 to 9999","Austria",NA,NA,0,0,0,1,0,0,0
"18-24 years old","Remote","Master’s degree (M.A., M.S., M.Eng., MBA, etc.)","2 to 99","France",3,53545,0,0,0,1,0,0,1
"25-34 years old","Remote","Master’s degree (M.A., M.S., M.Eng., MBA, etc.)","100 to 999","Spain",5,44978,0,0,0,1,0,0,1
"25-34 years old","Hybrid (some remote, some in-person)","Professional degree (JD, MD, Ph.D, Ed.D, etc.)","2 to 99","Armenia",NA,NA,0,0,0,1,0,0,0
"35-44 years old","Hybrid (some remote, some in-person)","Professional degree (JD, MD, Ph.D, Ed.D, etc.)","100 to 999","United Kingdom of Great Britain and Northern Ireland",4,NA,0,0,0,1,0,0,0
"25-34 years old","Hybrid (some remote, some in-person)","Master’s degree (M.A., M.S., M.Eng., MBA, etc.)","2 to 99","Italy",6,35340,0,0,0,1,0,0,0
"25-34 years old","Hybrid (some remote, some in-person)","Master’s degree (M.A., M.S., M.Eng., MBA, etc.)","2 to 99","Portugal",6,25273,0,0,0,1,0,0,0
"25-34 years old","Hybrid (some remote, some in-person)","Master’s degree (M.A., M.S., M.Eng., MBA, etc.)","2 to 99","United Kingdom of Great Britain and Northern Ireland",NA,53379,0,1,0,1,1,0,1
"25-34 years old","In-person","Master’s degree (M.A., M.S., M.Eng., MBA, etc.)","2 to 99","Norway",7,72490,0,0,0,1,1,0,1
"35-44 years old","Hybrid (some remote, some in-person)","Master’s degree (M.A., M.S., M.Eng., MBA, etc.)","10000 or more","Belgium",NA,64254,0,0,0,1,0,0,0
"25-34 years old","Remote","Master’s degree (M.A., M.S., M.Eng., MBA, etc.)","100 to 999","Switzerland",NA,275541,1,0,0,1,0,0,0
"25-34 years old","Hybrid (some remote, some in-person)","Master’s degree (M.A., M.S., M.Eng., MBA, etc.)","10000 or more","France",NA,71750,0,0,0,1,0,0,1
"25-34 years old","Hybrid (some remote, some in-person)","Master’s degree (M.A., M.S., M.Eng., MBA, etc.)","100 to 999","Germany",7,88884,0,0,0,1,0,0,0
"25-34 years old","Remote","Professional degree (JD, MD, Ph.D, Ed.D, etc.)","1000 to 9999","United Kingdom of Great Britain and Northern Ireland",9,86897,0,0,0,1,0,0,0
"25-34 years old","Remote","Bachelor’s degree (B.A., B.S., B.Eng., etc.)","100 to 999","United States of America",3,143000,0,0,0,1,0,0,1
"25-34 years old","Hybrid (some remote, some in-person)","Master’s degree (M.A., M.S., M.Eng., MBA, etc.)","1000 to 9999","Armenia",11,92420,0,0,0,1,0,0,1
"35-44 years old","Hybrid (some remote, some in-person)","Professional degree (JD, MD, Ph.D, Ed.D, etc.)","10000 or more","United States of America",NA,NA,0,0,1,1,1,0,1
"25-34 years old","Hybrid (some remote, some in-person)","Master’s degree (M.A., M.S., M.Eng., MBA, etc.)","2 to 99","Italy",2,32127,0,0,0,1,0,0,0
"25-34 years old","Hybrid (some remote, some in-person)","Master’s degree (M.A., M.S., M.Eng., MBA, etc.)","100 to 999","United States of America",5,99500,0,0,0,1,1,0,1
"18-24 years old","Remote","Master’s degree (M.A., M.S., M.Eng., MBA, etc.)","2 to 99","United States of America",2,110000,0,0,0,1,0,0,1
"35-44 years old","Remote","Professional degree (JD, MD, Ph.D, Ed.D, etc.)","2 to 99","United States of America",6,145000,0,0,0,1,0,0,1
"25-34 years old","Remote","Master’s degree (M.A., M.S., M.Eng., MBA, etc.)","100 to 999","Poland",10,71779,0,0,0,1,0,0,1
"35-44 years old","Remote","Professional degree (JD, MD, Ph.D, Ed.D, etc.)","100 to 999","Canada",5,148703,0,0,0,1,0,0,0
"25-34 years old","Hybrid (some remote, some in-person)","Master’s degree (M.A., M.S., M.Eng., MBA, etc.)","10000 or more","Germany",NA,74963,1,0,0,1,0,0,0
"25-34 years old","Hybrid (some remote, some in-person)","Master’s degree (M.A., M.S., M.Eng., MBA, etc.)","2 to 99","Armenia",4,NA,0,0,0,1,1,0,1
"45-54 years old","In-person","Master’s degree (M.A., M.S., M.Eng., MBA, etc.)","2 to 99","Cyprus",NA,64254,0,0,0,0,1,0,0
"25-34 years old","Hybrid (some remote, some in-person)","Master’s degree (M.A., M.S., M.Eng., MBA, etc.)","2 to 99","Ireland",8,117798,0,0,0,1,0,0,1
"25-34 years old","Remote","Master’s degree (M.A., M.S., M.Eng., MBA, etc.)","2 to 99","Spain",10,64254,0,0,0,1,0,0,0
"45-54 years old","Hybrid (some remote, some in-person)","Master’s degree (M.A., M.S., M.Eng., MBA, etc.)","10000 or more","Denmark",NA,132282,1,0,0,1,1,0,1
"45-54 years old","Hybrid (some remote, some in-person)","Bachelor’s degree (B.A., B.S., B.Eng., etc.)","100 to 999","United States of America",NA,250000,0,0,0,0,0,0,0
"35-44 years old","In-person","Master’s degree (M.A., M.S., M.Eng., MBA, etc.)","10000 or more","United Kingdom of Great Britain and Northern Ireland",7,248276,1,0,0,1,0,0,1
"25-34 years old","Hybrid (some remote, some in-person)","Master’s degree (M.A., M.S., M.Eng., MBA, etc.)","10000 or more","Luxembourg",6,203470,0,0,0,1,0,1,0
"25-34 years old","Hybrid (some remote, some in-person)","Master’s degree (M.A., M.S., M.Eng., MBA, etc.)","2 to 99","Netherlands",5,80317,0,0,0,1,0,0,1
"25-34 years old","Remote","Master’s degree (M.A., M.S., M.Eng., MBA, etc.)","2 to 99","Turkey",4,15042,0,0,0,1,0,0,1
"35-44 years old","Remote","Professional degree (JD, MD, Ph.D, Ed.D, etc.)","2 to 99","United States of America",NA,180000,0,0,0,1,0,0,1
"25-34 years old","Hybrid (some remote, some in-person)","Master’s degree (M.A., M.S., M.Eng., MBA, etc.)","10000 or more","United States of America",6,252000,1,0,0,1,0,0,1
"45-54 years old","Remote","Master’s degree (M.A., M.S., M.Eng., MBA, etc.)","2 to 99","United States of America",30,150000,0,0,0,1,0,0,0
"18-24 years old","Hybrid (some remote, some in-person)","Bachelor’s degree (B.A., B.S., B.Eng., etc.)","100 to 999","United Kingdom of Great Britain and Northern Ireland",2,49655,0,0,0,1,0,0,1
"25-34 years old","Remote","Bachelor’s degree (B.A., B.S., B.Eng., etc.)","2 to 99","Canada",5,63645,1,0,0,1,0,0,0
"25-34 years old","Hybrid (some remote, some in-person)","Professional degree (JD, MD, Ph.D, Ed.D, etc.)","2 to 99","Finland",10,96381,0,0,0,1,0,0,0
"35-44 years old","In-person","Professional degree (JD, MD, Ph.D, Ed.D, etc.)","1000 to 9999","France",13,91026,0,0,0,1,0,1,1
"25-34 years old","In-person","Master’s degree (M.A., M.S., M.Eng., MBA, etc.)","2 to 99","Denmark",NA,NA,0,0,0,1,0,0,0
"18-24 years old","Hybrid (some remote, some in-person)","Bachelor’s degree (B.A., B.S., B.Eng., etc.)","100 to 999","United States of America",3,100000,1,0,0,1,1,0,1
"25-34 years old","Remote","Professional degree (JD, MD, Ph.D, Ed.D, etc.)","2 to 99","United Kingdom of Great Britain and Northern Ireland",NA,40966,0,0,0,1,0,0,0
"25-34 years old","In-person","Master’s degree (M.A., M.S., M.Eng., MBA, etc.)","100 to 999","Sweden",1,NA,0,0,0,1,1,0,1
"25-34 years old","Hybrid (some remote, some in-person)","Master’s degree (M.A., M.S., M.Eng., MBA, etc.)","2 to 99","Luxembourg",NA,79246,0,1,0,1,1,0,1
"35-44 years old","Hybrid (some remote, some in-person)","Master’s degree (M.A., M.S., M.Eng., MBA, etc.)","2 to 99","Germany",NA,66396,0,0,0,1,0,0,1
"18-24 years old","Remote","Master’s degree (M.A., M.S., M.Eng., MBA, etc.)","1000 to 9999","United Kingdom of Great Britain and Northern Ireland",1,55862,0,0,0,1,1,0,1
"18-24 years old","Hybrid (some remote, some in-person)","Master’s degree (M.A., M.S., M.Eng., MBA, etc.)","100 to 999","France",1,44978,0,0,0,1,1,0,1
"35-44 years old","Hybrid (some remote, some in-person)","Master’s degree (M.A., M.S., M.Eng., MBA, etc.)","1000 to 9999","United States of America",17,120000,0,0,0,1,1,0,1
"25-34 years old","Hybrid (some remote, some in-person)","Bachelor’s degree (B.A., B.S., B.Eng., etc.)","1000 to 9999","United States of America",5,404000,1,0,0,1,0,0,1
"25-34 years old","Hybrid (some remote, some in-person)","Bachelor’s degree (B.A., B.S., B.Eng., etc.)","100 to 999","United States of America",8,103800,0,0,0,1,1,0,1
"25-34 years old","Remote","Master’s degree (M.A., M.S., M.Eng., MBA, etc.)","1000 to 9999","United States of America",4,87720,0,0,0,1,1,0,0
"18-24 years old","Hybrid (some remote, some in-person)","Master’s degree (M.A., M.S., M.Eng., MBA, etc.)","10000 or more","United Kingdom of Great Britain and Northern Ireland",NA,39724,0,0,0,1,1,0,1
"35-44 years old","Remote","Professional degree (JD, MD, Ph.D, Ed.D, etc.)","10000 or more","United States of America",22,160000,0,1,0,1,1,0,1
"25-34 years old","Hybrid (some remote, some in-person)","Master’s degree (M.A., M.S., M.Eng., MBA, etc.)","1000 to 9999","United States of America",NA,500000,0,0,0,1,0,0,0
"35-44 years old","Remote","Bachelor’s degree (B.A., B.S., B.Eng., etc.)","100 to 999","United States of America",26,250000,0,0,0,1,0,0,1
"35-44 years old","In-person","Bachelor’s degree (B.A., B.S., B.Eng., etc.)","100 to 999","United States of America",15,120000,0,0,0,1,0,0,1
"35-44 years old","Remote","Professional degree (JD, MD, Ph.D, Ed.D, etc.)","100 to 999","United States of America",10,205000,0,1,1,1,0,0,0
"25-34 years old","In-person","Bachelor’s degree (B.A., B.S., B.Eng., etc.)","2 to 99","United States of America",5,42000,1,0,0,1,0,0,1
"35-44 years old","Remote","Master’s degree (M.A., M.S., M.Eng., MBA, etc.)","2 to 99","Turkey",NA,12410,0,0,0,1,0,0,1
"25-34 years old","Hybrid (some remote, some in-person)","Master’s degree (M.A., M.S., M.Eng., MBA, etc.)","10000 or more","Netherlands",NA,64254,0,0,0,1,0,0,1
"25-34 years old","Hybrid (some remote, some in-person)","Master’s degree (M.A., M.S., M.Eng., MBA, etc.)","100 to 999","Slovenia",3,NA,0,0,0,1,0,0,1
"25-34 years old","Remote","Master’s degree (M.A., M.S., M.Eng., MBA, etc.)","2 to 99","Germany",NA,NA,0,0,0,1,0,0,0
"35-44 years old","Hybrid (some remote, some in-person)","Professional degree (JD, MD, Ph.D, Ed.D, etc.)","10000 or more","Sweden",NA,NA,0,0,1,1,0,0,0
"25-34 years old","Hybrid (some remote, some in-person)","Master’s degree (M.A., M.S., M.Eng., MBA, etc.)","1000 to 9999","Serbia",NA,44978,0,0,0,1,0,0,0
"55-64 years old","Hybrid (some remote, some in-person)","Bachelor’s degree (B.A., B.S., B.Eng., etc.)","100 to 999","United Kingdom of Great Britain and Northern Ireland",40,NA,0,0,0,1,0,0,0
"25-34 years old","Remote","Bachelor’s degree (B.A., B.S., B.Eng., etc.)","100 to 999","United States of America",9,260000,0,0,0,1,1,0,1
"25-34 years old","Hybrid (some remote, some in-person)","Master’s degree (M.A., M.S., M.Eng., MBA, etc.)","2 to 99","Spain",9,85672,0,0,0,1,0,0,0
"25-34 years old","Remote","Master’s degree (M.A., M.S., M.Eng., MBA, etc.)","100 to 999","United States of America",8,200000,0,0,0,1,1,0,1
"25-34 years old","Remote","Master’s degree (M.A., M.S., M.Eng., MBA, etc.)","2 to 99","United States of America",NA,127000,0,0,0,1,0,0,0
"55-64 years old","Remote","Professional degree (JD, MD, Ph.D, Ed.D, etc.)","10000 or more","United States of America",NA,200000,0,0,0,1,0,1,0
"25-34 years old","Hybrid (some remote, some in-person)","Master’s degree (M.A., M.S., M.Eng., MBA, etc.)","10000 or more","Germany",3,58899,0,0,0,1,0,0,1
"25-34 years old","In-person","Master’s degree (M.A., M.S., M.Eng., MBA, etc.)","2 to 99","Netherlands",6,64254,0,0,0,1,0,0,1
"25-34 years old","Remote","Master’s degree (M.A., M.S., M.Eng., MBA, etc.)","2 to 99","France",NA,51403,0,0,0,1,1,0,0
"45-54 years old","Hybrid (some remote, some in-person)","Master’s degree (M.A., M.S., M.Eng., MBA, etc.)","1000 to 9999","Netherlands",NA,NA,0,0,0,1,0,0,1
"25-34 years old","Hybrid (some remote, some in-person)","Master’s degree (M.A., M.S., M.Eng., MBA, etc.)","2 to 99","United States of America",NA,135000,0,0,0,1,0,0,0
"45-54 years old","Hybrid (some remote, some in-person)","Professional degree (JD, MD, Ph.D, Ed.D, etc.)","10000 or more","Switzerland",20,165324,0,0,0,1,0,0,0
"35-44 years old","Hybrid (some remote, some in-person)","Master’s degree (M.A., M.S., M.Eng., MBA, etc.)","10000 or more","Ireland",8,78175,0,0,0,1,0,0,1
"25-34 years old","Remote","Bachelor’s degree (B.A., B.S., B.Eng., etc.)","1000 to 9999","Poland",6,47852,0,0,0,1,0,0,1
"45-54 years old","Hybrid (some remote, some in-person)","Professional degree (JD, MD, Ph.D, Ed.D, etc.)","2 to 99","Hungary",27,107090,1,0,0,1,1,0,1
"35-44 years old","Hybrid (some remote, some in-person)","Professional degree (JD, MD, Ph.D, Ed.D, etc.)","100 to 999","United States of America",10,200000,0,0,0,1,0,1,0
"25-34 years old","Remote","Bachelor’s degree (B.A., B.S., B.Eng., etc.)","1000 to 9999","United States of America",10,120000,0,0,0,1,1,1,1
"25-34 years old","Hybrid (some remote, some in-person)","Master’s degree (M.A., M.S., M.Eng., MBA, etc.)","100 to 999","France",3,47119,0,0,0,1,0,0,1
"25-34 years old","In-person","Master’s degree (M.A., M.S., M.Eng., MBA, etc.)","100 to 999","Sweden",5,53626,0,0,0,1,0,0,1
"25-34 years old","In-person","Master’s degree (M.A., M.S., M.Eng., MBA, etc.)","2 to 99","Netherlands",7,56757,0,0,0,1,0,0,0
"35-44 years old","Remote","Bachelor’s degree (B.A., B.S., B.Eng., etc.)","2 to 99","Poland",15,110000,1,0,0,1,0,1,1
"25-34 years old","Hybrid (some remote, some in-person)","Master’s degree (M.A., M.S., M.Eng., MBA, etc.)","1000 to 9999","France",NA,42836,0,0,0,1,0,0,1
"25-34 years old","Remote","Master’s degree (M.A., M.S., M.Eng., MBA, etc.)","10000 or more","Serbia",6,NA,0,0,0,1,0,0,0
"25-34 years old","Hybrid (some remote, some in-person)","Master’s degree (M.A., M.S., M.Eng., MBA, etc.)","2 to 99","Italy",NA,26772,0,0,0,1,0,0,1
"25-34 years old","Hybrid (some remote, some in-person)","Master’s degree (M.A., M.S., M.Eng., MBA, etc.)","10000 or more","Czech Republic",NA,NA,0,0,0,1,0,0,0
"25-34 years old","Hybrid (some remote, some in-person)","Professional degree (JD, MD, Ph.D, Ed.D, etc.)","2 to 99","Italy",NA,NA,0,1,0,1,1,0,0
"25-34 years old","In-person","Master’s degree (M.A., M.S., M.Eng., MBA, etc.)","100 to 999","United Kingdom of Great Britain and Northern Ireland",NA,NA,1,0,0,1,1,0,1
"25-34 years old","Hybrid (some remote, some in-person)","Master’s degree (M.A., M.S., M.Eng., MBA, etc.)","100 to 999","Slovakia",NA,53545,0,0,0,1,1,0,1
"25-34 years old","Remote","Master’s degree (M.A., M.S., M.Eng., MBA, etc.)","2 to 99","United Kingdom of Great Britain and Northern Ireland",NA,NA,0,0,0,1,0,0,0
"25-34 years old","Hybrid (some remote, some in-person)","Master’s degree (M.A., M.S., M.Eng., MBA, etc.)","1000 to 9999","Switzerland",NA,79356,0,0,1,1,1,0,1
"25-34 years old","In-person","Master’s degree (M.A., M.S., M.Eng., MBA, etc.)","2 to 99","Germany",7,NA,0,0,0,0,1,0,1
"18-24 years old","In-person","Master’s degree (M.A., M.S., M.Eng., MBA, etc.)","1000 to 9999","Germany",7,53545,0,0,0,1,0,0,0
"18-24 years old","Hybrid (some remote, some in-person)","Master’s degree (M.A., M.S., M.Eng., MBA, etc.)","2 to 99","Poland",2,NA,0,0,0,1,0,0,0
"18-24 years old","Hybrid (some remote, some in-person)","Some college/university study without earning a degree","2 to 99","Germany",NA,NA,0,0,0,1,0,0,0
"35-44 years old","Remote","Professional degree (JD, MD, Ph.D, Ed.D, etc.)","1000 to 9999","United States of America",12,140000,0,0,0,1,1,0,1
"25-34 years old","Hybrid (some remote, some in-person)","Master’s degree (M.A., M.S., M.Eng., MBA, etc.)","2 to 99","United Kingdom of Great Britain and Northern Ireland",3,53379,0,0,0,1,0,0,0
"25-34 years old","Remote","Bachelor’s degree (B.A., B.S., B.Eng., etc.)","10000 or more","United States of America",5,128000,0,0,0,1,0,0,1
"25-34 years old","Hybrid (some remote, some in-person)","Master’s degree (M.A., M.S., M.Eng., MBA, etc.)","100 to 999","United States of America",6,200000,0,0,0,1,0,0,1
"25-34 years old","Remote","Master’s degree (M.A., M.S., M.Eng., MBA, etc.)","1000 to 9999","Greece",2,27843,0,0,0,1,0,0,1
"18-24 years old","Remote","Master’s degree (M.A., M.S., M.Eng., MBA, etc.)","100 to 999","United States of America",2,80000,0,0,0,1,1,0,1
"18-24 years old","Hybrid (some remote, some in-person)","Master’s degree (M.A., M.S., M.Eng., MBA, etc.)","10000 or more","United States of America",2,132000,1,0,0,1,0,0,0
"25-34 years old","Remote","Professional degree (JD, MD, Ph.D, Ed.D, etc.)","2 to 99","United States of America",10,200000,0,0,0,1,1,0,0
"25-34 years old","Hybrid (some remote, some in-person)","Master’s degree (M.A., M.S., M.Eng., MBA, etc.)","2 to 99","France",NA,42836,0,0,0,1,0,0,0
"25-34 years old","Hybrid (some remote, some in-person)","Master’s degree (M.A., M.S., M.Eng., MBA, etc.)","10000 or more","Austria",2,64254,0,0,0,1,1,0,1
"35-44 years old","Hybrid (some remote, some in-person)","Professional degree (JD, MD, Ph.D, Ed.D, etc.)","10000 or more","United States of America",10,350000,0,0,0,1,0,1,1
"25-34 years old","Hybrid (some remote, some in-person)","Bachelor’s degree (B.A., B.S., B.Eng., etc.)","10000 or more","United Kingdom of Great Britain and Northern Ireland",6,155173,0,0,0,1,0,0,0
"25-34 years old","Hybrid (some remote, some in-person)","Professional degree (JD, MD, Ph.D, Ed.D, etc.)","10000 or more","United States of America",1,NA,0,0,0,1,0,0,1
"35-44 years old","Hybrid (some remote, some in-person)","Professional degree (JD, MD, Ph.D, Ed.D, etc.)","10000 or more","Sweden",10,82927,1,0,0,0,1,0,0
"25-34 years old","In-person","Master’s degree (M.A., M.S., M.Eng., MBA, etc.)","1000 to 9999","France",NA,47119,0,0,1,1,0,0,1
"25-34 years old","Hybrid (some remote, some in-person)","Master’s degree (M.A., M.S., M.Eng., MBA, etc.)","1000 to 9999","Sweden",NA,59892,0,0,0,1,0,1,0
"35-44 years old","Hybrid (some remote, some in-person)","Master’s degree (M.A., M.S., M.Eng., MBA, etc.)","100 to 999","Spain",15,32127,0,0,1,1,1,0,0
"25-34 years old","Hybrid (some remote, some in-person)","Master’s degree (M.A., M.S., M.Eng., MBA, etc.)","2 to 99","France",9,48190,1,0,0,1,0,0,1
"55-64 years old","In-person","Master’s degree (M.A., M.S., M.Eng., MBA, etc.)","1000 to 9999","Belgium",NA,NA,0,0,0,1,1,0,1
"25-34 years old","In-person","Master’s degree (M.A., M.S., M.Eng., MBA, etc.)","100 to 999","Denmark",NA,100074,1,0,0,1,0,0,0
"25-34 years old","Hybrid (some remote, some in-person)","Master’s degree (M.A., M.S., M.Eng., MBA, etc.)","2 to 99","Austria",NA,NA,1,0,0,1,0,0,1
"45-54 years old","Hybrid (some remote, some in-person)","Master’s degree (M.A., M.S., M.Eng., MBA, etc.)","1000 to 9999","Hungary",20,NA,0,0,0,1,1,0,0
"35-44 years old","Remote","Master’s degree (M.A., M.S., M.Eng., MBA, etc.)","2 to 99","Germany",15,64254,0,0,0,1,0,0,0
"35-44 years old","Hybrid (some remote, some in-person)","Professional degree (JD, MD, Ph.D, Ed.D, etc.)","1000 to 9999","Germany",NA,NA,0,0,0,1,0,0,0
"25-34 years old","In-person","Master’s degree (M.A., M.S., M.Eng., MBA, etc.)","2 to 99","Ukraine",9,NA,0,0,0,1,1,0,1
"25-34 years old","Remote","Some college/university study without earning a degree","2 to 99","Spain",4,31056,0,0,0,1,0,0,1
"25-34 years old","Hybrid (some remote, some in-person)","Bachelor’s degree (B.A., B.S., B.Eng., etc.)","1000 to 9999","United Kingdom of Great Britain and Northern Ireland",6,161380,0,0,0,1,0,0,0
"35-44 years old","Hybrid (some remote, some in-person)","Master’s degree (M.A., M.S., M.Eng., MBA, etc.)","1000 to 9999","Netherlands",13,139216,0,0,0,1,1,0,0
"35-44 years old","Hybrid (some remote, some in-person)","Professional degree (JD, MD, Ph.D, Ed.D, etc.)","10000 or more","France",16,64254,1,0,0,1,0,0,0
"25-34 years old","Hybrid (some remote, some in-person)","Professional degree (JD, MD, Ph.D, Ed.D, etc.)","100 to 999","United Kingdom of Great Britain and Northern Ireland",6,NA,1,0,1,1,0,1,1
"25-34 years old","Hybrid (some remote, some in-person)","Master’s degree (M.A., M.S., M.Eng., MBA, etc.)","2 to 99","United Kingdom of Great Britain and Northern Ireland",11,100552,1,0,0,1,0,0,0
"25-34 years old","Remote","Bachelor’s degree (B.A., B.S., B.Eng., etc.)","2 to 99","Germany",NA,128507,0,0,0,0,0,0,0
"25-34 years old","Hybrid (some remote, some in-person)","Master’s degree (M.A., M.S., M.Eng., MBA, etc.)","10000 or more","Italy",3,42836,0,0,0,1,0,0,1
"35-44 years old","Hybrid (some remote, some in-person)","Bachelor’s degree (B.A., B.S., B.Eng., etc.)","10000 or more","United Kingdom of Great Britain and Northern Ireland",13,155173,0,0,0,1,0,1,1
"35-44 years old","Hybrid (some remote, some in-person)","Bachelor’s degree (B.A., B.S., B.Eng., etc.)","2 to 99","Sweden",25,59892,1,0,0,1,0,0,0
"25-34 years old","Hybrid (some remote, some in-person)","Master’s degree (M.A., M.S., M.Eng., MBA, etc.)","100 to 999","Belgium",6,64254,0,0,0,1,1,0,1
"35-44 years old","Hybrid (some remote, some in-person)","Professional degree (JD, MD, Ph.D, Ed.D, etc.)","100 to 999","Netherlands",8,NA,0,0,0,1,0,0,1
"25-34 years old","Hybrid (some remote, some in-person)","Bachelor’s degree (B.A., B.S., B.Eng., etc.)","1000 to 9999","Netherlands",11,107090,1,0,0,1,0,0,0
"25-34 years old","Hybrid (some remote, some in-person)","Master’s degree (M.A., M.S., M.Eng., MBA, etc.)","10000 or more","United Kingdom of Great Britain and Northern Ireland",NA,NA,0,0,0,1,1,0,1
"25-34 years old","In-person","Master’s degree (M.A., M.S., M.Eng., MBA, etc.)","10000 or more","United Kingdom of Great Britain and Northern Ireland",5,NA,1,0,0,1,1,0,1
"25-34 years old","Hybrid (some remote, some in-person)","Master’s degree (M.A., M.S., M.Eng., MBA, etc.)","1000 to 9999","United States of America",9,132000,0,0,0,1,1,0,1
"25-34 years old","Hybrid (some remote, some in-person)","Master’s degree (M.A., M.S., M.Eng., MBA, etc.)","2 to 99","Portugal",12,23024,0,0,0,1,0,0,0
"25-34 years old","Hybrid (some remote, some in-person)","Bachelor’s degree (B.A., B.S., B.Eng., etc.)","1000 to 9999","Canada",8,78813,0,0,0,0,1,0,1
"25-34 years old","Hybrid (some remote, some in-person)","Master’s degree (M.A., M.S., M.Eng., MBA, etc.)","1000 to 9999","Italy",4,37481,1,0,0,0,0,0,1
"25-34 years old","Hybrid (some remote, some in-person)","Professional degree (JD, MD, Ph.D, Ed.D, etc.)","2 to 99","Denmark",NA,94898,1,1,0,1,1,0,1
"45-54 years old","Remote","Some college/university study without earning a degree","1000 to 9999","United States of America",NA,NA,0,0,0,1,0,0,0
"35-44 years old","Hybrid (some remote, some in-person)","Professional degree (JD, MD, Ph.D, Ed.D, etc.)","100 to 999","United Kingdom of Great Britain and Northern Ireland",8,62069,1,0,0,1,1,0,1
"25-34 years old","Hybrid (some remote, some in-person)","Master’s degree (M.A., M.S., M.Eng., MBA, etc.)","100 to 999","Germany",4,160634,0,0,0,1,0,0,0
"25-34 years old","Hybrid (some remote, some in-person)","Master’s degree (M.A., M.S., M.Eng., MBA, etc.)","10000 or more","Sweden",NA,39805,0,0,0,1,0,0,1
"35-44 years old","Hybrid (some remote, some in-person)","Master’s degree (M.A., M.S., M.Eng., MBA, etc.)","100 to 999","United States of America",NA,170000,0,0,0,1,0,0,1
"25-34 years old","Hybrid (some remote, some in-person)","Master’s degree (M.A., M.S., M.Eng., MBA, etc.)","100 to 999","Germany",7,NA,0,0,0,1,0,0,1
"25-34 years old","Remote","Master’s degree (M.A., M.S., M.Eng., MBA, etc.)","2 to 99","Portugal",10,80317,0,0,0,1,0,0,1
"25-34 years old","Hybrid (some remote, some in-person)","Master’s degree (M.A., M.S., M.Eng., MBA, etc.)","10000 or more","United States of America",7,190550,0,0,0,1,1,0,1
"35-44 years old","Hybrid (some remote, some in-person)","Professional degree (JD, MD, Ph.D, Ed.D, etc.)","100 to 999","United Kingdom of Great Britain and Northern Ireland",NA,136552,0,0,0,1,0,0,0
"65 years or older","Remote","Professional degree (JD, MD, Ph.D, Ed.D, etc.)","1000 to 9999","United States of America",NA,200000,0,0,0,1,0,0,1
"25-34 years old","Remote","Master’s degree (M.A., M.S., M.Eng., MBA, etc.)","10000 or more","United States of America",NA,160000,0,0,0,1,0,0,1
"25-34 years old","Hybrid (some remote, some in-person)","Professional degree (JD, MD, Ph.D, Ed.D, etc.)","10000 or more","United States of America",NA,NA,1,0,1,1,0,0,1
"25-34 years old","Hybrid (some remote, some in-person)","Master’s degree (M.A., M.S., M.Eng., MBA, etc.)","1000 to 9999","Slovenia",5,47119,0,0,0,1,0,0,1
"25-34 years old","Hybrid (some remote, some in-person)","Master’s degree (M.A., M.S., M.Eng., MBA, etc.)","100 to 999","France",NA,25701,0,1,0,1,1,0,1
"25-34 years old","Remote","Master’s degree (M.A., M.S., M.Eng., MBA, etc.)","10000 or more","Poland",NA,143557,0,0,0,1,0,0,1
"25-34 years old","In-person","Master’s degree (M.A., M.S., M.Eng., MBA, etc.)","2 to 99","Germany",13,107090,0,0,0,1,0,0,1
"25-34 years old","Remote","Master’s degree (M.A., M.S., M.Eng., MBA, etc.)","100 to 999","Germany",NA,55687,0,0,0,1,0,0,0
"25-34 years old","Remote","Master’s degree (M.A., M.S., M.Eng., MBA, etc.)","100 to 999","United States of America",NA,160000,0,0,0,1,0,0,1
"35-44 years old","Hybrid (some remote, some in-person)","Professional degree (JD, MD, Ph.D, Ed.D, etc.)","10000 or more","United States of America",NA,250000,0,0,0,1,0,0,0
"35-44 years old","Remote","Professional degree (JD, MD, Ph.D, Ed.D, etc.)","2 to 99","United States of America",10,130000,0,0,0,1,0,0,1
"25-34 years old","Remote","Professional degree (JD, MD, Ph.D, Ed.D, etc.)","1000 to 9999","United States of America",NA,92000,1,0,0,0,1,0,0
"45-54 years old","Remote","Master’s degree (M.A., M.S., M.Eng., MBA, etc.)","10000 or more","Canada",NA,NA,0,0,0,1,1,0,1
"25-34 years old","Remote","Master’s degree (M.A., M.S., M.Eng., MBA, etc.)","2 to 99","United States of America",NA,300000,0,0,0,1,0,0,1
"25-34 years old","Hybrid (some remote, some in-person)","Master’s degree (M.A., M.S., M.Eng., MBA, etc.)","10000 or more","United States of America",9,139000,0,0,0,1,0,0,1
"25-34 years old","Remote","Master’s degree (M.A., M.S., M.Eng., MBA, etc.)","2 to 99","Italy",6,61041,1,0,0,1,0,0,0
"35-44 years old","Hybrid (some remote, some in-person)","Master’s degree (M.A., M.S., M.Eng., MBA, etc.)","100 to 999","United States of America",NA,NA,0,0,0,1,1,0,1
"45-54 years old","Remote","Professional degree (JD, MD, Ph.D, Ed.D, etc.)","2 to 99","United Kingdom of Great Britain and Northern Ireland",NA,84414,1,0,0,1,0,0,0
"25-34 years old","Hybrid (some remote, some in-person)","Master’s degree (M.A., M.S., M.Eng., MBA, etc.)","2 to 99","United States of America",9,155000,1,0,0,1,0,0,0
"25-34 years old","Remote","Bachelor’s degree (B.A., B.S., B.Eng., etc.)","2 to 99","United States of America",3,120000,0,0,0,1,0,0,0
"25-34 years old","Hybrid (some remote, some in-person)","Master’s degree (M.A., M.S., M.Eng., MBA, etc.)","2 to 99","Germany",3,NA,0,0,1,1,1,0,1
"25-34 years old","Remote","Master’s degree (M.A., M.S., M.Eng., MBA, etc.)","1000 to 9999","United States of America",10,220000,0,0,0,1,0,0,0
"25-34 years old","Hybrid (some remote, some in-person)","Master’s degree (M.A., M.S., M.Eng., MBA, etc.)","10000 or more","France",5,44978,0,0,0,1,1,1,1
"25-34 years old","Remote","Master’s degree (M.A., M.S., M.Eng., MBA, etc.)","2 to 99","Canada",4,NA,1,0,0,1,0,0,0
"25-34 years old","Hybrid (some remote, some in-person)","Bachelor’s degree (B.A., B.S., B.Eng., etc.)","2 to 99","United States of America",3,NA,1,0,0,1,0,0,0
"25-34 years old","Remote","Master’s degree (M.A., M.S., M.Eng., MBA, etc.)","100 to 999","Georgia",4,47250,0,0,1,1,1,0,1
"25-34 years old","Hybrid (some remote, some in-person)","Master’s degree (M.A., M.S., M.Eng., MBA, etc.)","1000 to 9999","Switzerland",NA,132260,0,0,0,1,1,0,0
"25-34 years old","Hybrid (some remote, some in-person)","Master’s degree (M.A., M.S., M.Eng., MBA, etc.)","1000 to 9999","Denmark",11,87996,0,0,0,1,0,0,1
"35-44 years old","Hybrid (some remote, some in-person)","Master’s degree (M.A., M.S., M.Eng., MBA, etc.)","1000 to 9999","Spain",NA,59970,0,0,0,1,1,0,1
"25-34 years old","In-person","Master’s degree (M.A., M.S., M.Eng., MBA, etc.)","2 to 99","United States of America",NA,NA,1,0,0,1,0,0,0
"25-34 years old","Hybrid (some remote, some in-person)","Master’s degree (M.A., M.S., M.Eng., MBA, etc.)","10000 or more","Italy",9,74963,0,0,0,1,0,0,1
"25-34 years old","Hybrid (some remote, some in-person)","Professional degree (JD, MD, Ph.D, Ed.D, etc.)","2 to 99","Canada",NA,84017,0,0,0,1,0,0,0
"35-44 years old","Remote","Master’s degree (M.A., M.S., M.Eng., MBA, etc.)","1000 to 9999","United States of America",NA,226839,0,0,0,1,1,0,1
"35-44 years old","Remote","Bachelor’s degree (B.A., B.S., B.Eng., etc.)","1000 to 9999","United States of America",13,NA,0,0,0,1,1,0,1
"35-44 years old","Hybrid (some remote, some in-person)","Professional degree (JD, MD, Ph.D, Ed.D, etc.)","2 to 99","United States of America",9,165000,0,0,0,1,0,0,0
"25-34 years old","Remote","Master’s degree (M.A., M.S., M.Eng., MBA, etc.)","2 to 99","United States of America",6,150000,0,1,0,0,0,0,1
"35-44 years old","Remote","Master’s degree (M.A., M.S., M.Eng., MBA, etc.)","100 to 999","United States of America",NA,NA,0,1,0,0,1,0,1
"25-34 years old","Remote","Master’s degree (M.A., M.S., M.Eng., MBA, etc.)","1000 to 9999","United States of America",NA,260000,0,0,0,1,0,0,0
"35-44 years old","Hybrid (some remote, some in-person)","Professional degree (JD, MD, Ph.D, Ed.D, etc.)","1000 to 9999","United States of America",6,240000,0,0,0,1,0,0,0
"55-64 years old","Remote","Bachelor’s degree (B.A., B.S., B.Eng., etc.)","1000 to 9999","Canada",35,1200000,1,0,1,1,1,0,1
"35-44 years old","Remote","Professional degree (JD, MD, Ph.D, Ed.D, etc.)","2 to 99","Spain",18,NA,1,0,0,0,0,0,0
"25-34 years old","Remote","Master’s degree (M.A., M.S., M.Eng., MBA, etc.)","100 to 999","Poland",NA,66036,1,0,0,1,0,0,0
"25-34 years old","Hybrid (some remote, some in-person)","Master’s degree (M.A., M.S., M.Eng., MBA, etc.)","1000 to 9999","United Kingdom of Great Britain and Northern Ireland",NA,99311,0,0,0,1,0,0,0
"25-34 years old","In-person","Some college/university study without earning a degree","2 to 99","Belgium",7,NA,1,0,1,1,0,0,0
"25-34 years old","Hybrid (some remote, some in-person)","Bachelor’s degree (B.A., B.S., B.Eng., etc.)","2 to 99","Germany",5,NA,0,0,0,1,0,0,1
"25-34 years old","Hybrid (some remote, some in-person)","Master’s degree (M.A., M.S., M.Eng., MBA, etc.)","10000 or more","Germany",3,NA,1,0,0,1,0,0,0
"35-44 years old","Hybrid (some remote, some in-person)","Professional degree (JD, MD, Ph.D, Ed.D, etc.)","2 to 99","France",13,85672,0,0,0,1,0,1,0
"25-34 years old","Hybrid (some remote, some in-person)","Master’s degree (M.A., M.S., M.Eng., MBA, etc.)","100 to 999","Latvia",8,44978,0,0,0,1,1,0,1
"25-34 years old","Hybrid (some remote, some in-person)","Master’s degree (M.A., M.S., M.Eng., MBA, etc.)","2 to 99","Belgium",NA,41765,0,0,0,1,0,0,1
"35-44 years old","In-person","Bachelor’s degree (B.A., B.S., B.Eng., etc.)","10000 or more","Slovakia",25,53545,0,0,1,1,0,0,1
"25-34 years old","In-person","Master’s degree (M.A., M.S., M.Eng., MBA, etc.)","2 to 99","Denmark",2,94898,0,0,0,1,0,0,1
"45-54 years old","Remote","Master’s degree (M.A., M.S., M.Eng., MBA, etc.)","1000 to 9999","United States of America",NA,240000,0,0,0,1,0,0,0
"35-44 years old","In-person","Some college/university study without earning a degree","2 to 99","Netherlands",NA,69608,0,0,0,0,0,0,0
"25-34 years old","Hybrid (some remote, some in-person)","Master’s degree (M.A., M.S., M.Eng., MBA, etc.)","2 to 99","Austria",7,67466,0,0,0,1,0,0,1
"35-44 years old","Hybrid (some remote, some in-person)","Master’s degree (M.A., M.S., M.Eng., MBA, etc.)","1000 to 9999","United States of America",NA,400000,0,0,0,1,1,0,0
"25-34 years old","Hybrid (some remote, some in-person)","Master’s degree (M.A., M.S., M.Eng., MBA, etc.)","1000 to 9999","Sweden",2,46071,0,0,0,1,0,0,0
"35-44 years old","Hybrid (some remote, some in-person)","Professional degree (JD, MD, Ph.D, Ed.D, etc.)","10000 or more","Germany",13,139216,1,0,0,1,1,0,1
"25-34 years old","Remote","Bachelor’s degree (B.A., B.S., B.Eng., etc.)","2 to 99","United States of America",NA,350000,0,0,0,1,0,0,1
"25-34 years old","Hybrid (some remote, some in-person)","Master’s degree (M.A., M.S., M.Eng., MBA, etc.)","10000 or more","Sweden",5,921414,0,0,0,1,0,0,0
"25-34 years old","Hybrid (some remote, some in-person)","Master’s degree (M.A., M.S., M.Eng., MBA, etc.)","2 to 99","Italy",NA,37481,1,0,0,1,0,0,1
"55-64 years old","In-person","Master’s degree (M.A., M.S., M.Eng., MBA, etc.)","100 to 999","United States of America",42,NA,1,1,0,1,1,1,1
"35-44 years old","Remote","Professional degree (JD, MD, Ph.D, Ed.D, etc.)","100 to 999","Canada",10,163573,0,0,0,1,0,1,1
"35-44 years old","Hybrid (some remote, some in-person)","Master’s degree (M.A., M.S., M.Eng., MBA, etc.)","2 to 99","Austria",12,117798,0,0,0,1,1,0,1
"25-34 years old","Remote","Professional degree (JD, MD, Ph.D, Ed.D, etc.)","2 to 99","United States of America",NA,105000,0,0,0,1,0,0,0
"25-34 years old","Hybrid (some remote, some in-person)","Master’s degree (M.A., M.S., M.Eng., MBA, etc.)","1000 to 9999","United Kingdom of Great Britain and Northern Ireland",3,37241,0,0,0,0,0,0,0
"25-34 years old","Hybrid (some remote, some in-person)","Master’s degree (M.A., M.S., M.Eng., MBA, etc.)","2 to 99","United States of America",NA,140000,0,0,0,1,0,0,0
"25-34 years old","Hybrid (some remote, some in-person)","Professional degree (JD, MD, Ph.D, Ed.D, etc.)","2 to 99","United States of America",NA,107000,0,0,0,1,1,0,1
"25-34 years old","Remote","Master’s degree (M.A., M.S., M.Eng., MBA, etc.)","100 to 999","Canada",8,92939,0,0,0,1,0,0,1
"25-34 years old","Hybrid (some remote, some in-person)","Master’s degree (M.A., M.S., M.Eng., MBA, etc.)","1000 to 9999","United Kingdom of Great Britain and Northern Ireland",3,124138,0,0,0,1,1,0,1
"25-34 years old","Hybrid (some remote, some in-person)","Master’s degree (M.A., M.S., M.Eng., MBA, etc.)","2 to 99","France",NA,49261,0,0,0,1,0,0,1
"18-24 years old","In-person","Bachelor’s degree (B.A., B.S., B.Eng., etc.)","100 to 999","United States of America",NA,93000,0,0,0,1,0,0,0
"25-34 years old","Hybrid (some remote, some in-person)","Master’s degree (M.A., M.S., M.Eng., MBA, etc.)","2 to 99","United Kingdom of Great Britain and Northern Ireland",3,86897,0,0,0,1,0,0,1
"25-34 years old","Remote","Master’s degree (M.A., M.S., M.Eng., MBA, etc.)","1000 to 9999","United States of America",NA,100000,0,0,0,1,1,0,1
"25-34 years old","Hybrid (some remote, some in-person)","Professional degree (JD, MD, Ph.D, Ed.D, etc.)","100 to 999","Canada",7,101861,0,0,0,1,0,0,0
"25-34 years old","Hybrid (some remote, some in-person)","Bachelor’s degree (B.A., B.S., B.Eng., etc.)","100 to 999","United States of America",NA,124500,0,0,0,1,0,0,1
"25-34 years old","Remote","Professional degree (JD, MD, Ph.D, Ed.D, etc.)","1000 to 9999","United States of America",5,160000,0,0,0,1,0,0,1
"25-34 years old","Remote","Professional degree (JD, MD, Ph.D, Ed.D, etc.)","10000 or more","Poland",8,64254,0,0,0,1,0,0,0
"35-44 years old","Hybrid (some remote, some in-person)","Master’s degree (M.A., M.S., M.Eng., MBA, etc.)","1000 to 9999","Spain",NA,NA,0,0,0,1,0,0,1
"25-34 years old","Hybrid (some remote, some in-person)","Master’s degree (M.A., M.S., M.Eng., MBA, etc.)","2 to 99","Portugal",NA,39623,1,0,0,1,0,0,0
"35-44 years old","Remote","Master’s degree (M.A., M.S., M.Eng., MBA, etc.)","100 to 999","Greece",15,17134,0,0,0,1,0,0,0
"25-34 years old","Remote","Master’s degree (M.A., M.S., M.Eng., MBA, etc.)","2 to 99","Poland",6,NA,1,0,1,1,0,0,0
"25-34 years old","Hybrid (some remote, some in-person)","Master’s degree (M.A., M.S., M.Eng., MBA, etc.)","2 to 99","United States of America",4,109000,1,0,0,1,0,0,1
"25-34 years old","In-person","Professional degree (JD, MD, Ph.D, Ed.D, etc.)","100 to 999","United States of America",NA,135000,0,0,0,1,0,0,1
"25-34 years old","Remote","Master’s degree (M.A., M.S., M.Eng., MBA, etc.)","100 to 999","United States of America",5,129500,0,0,0,1,0,0,1
"25-34 years old","Hybrid (some remote, some in-person)","Master’s degree (M.A., M.S., M.Eng., MBA, etc.)","1000 to 9999","Netherlands",6,72821,0,0,0,1,0,0,0
"25-34 years old","Hybrid (some remote, some in-person)","Bachelor’s degree (B.A., B.S., B.Eng., etc.)","2 to 99","United Kingdom of Great Britain and Northern Ireland",NA,69517,0,0,0,1,0,0,0
"25-34 years old","Remote","Master’s degree (M.A., M.S., M.Eng., MBA, etc.)","10000 or more","United States of America",NA,NA,0,0,0,1,1,0,1
"25-34 years old","Remote","Bachelor’s degree (B.A., B.S., B.Eng., etc.)","2 to 99","United States of America",NA,NA,0,0,0,1,0,0,0
"25-34 years old","Hybrid (some remote, some in-person)","Professional degree (JD, MD, Ph.D, Ed.D, etc.)",NA,"United States of America",NA,NA,0,0,0,1,0,0,0
"25-34 years old","Hybrid (some remote, some in-person)","Bachelor’s degree (B.A., B.S., B.Eng., etc.)","1000 to 9999","United States of America",4,150000,0,0,0,1,1,0,0
"25-34 years old","Remote","Master’s degree (M.A., M.S., M.Eng., MBA, etc.)","10000 or more","United States of America",4,120000,0,0,0,1,0,0,1
"35-44 years old","Hybrid (some remote, some in-person)","Master’s degree (M.A., M.S., M.Eng., MBA, etc.)","2 to 99","Netherlands",NA,44978,0,0,0,1,0,0,1
"25-34 years old","Remote","Professional degree (JD, MD, Ph.D, Ed.D, etc.)","2 to 99","United States of America",NA,225000,1,0,0,1,0,0,1
"18-24 years old","Remote","Bachelor’s degree (B.A., B.S., B.Eng., etc.)","2 to 99","United States of America",NA,130000,0,0,0,1,1,0,1
"35-44 years old","Hybrid (some remote, some in-person)","Master’s degree (M.A., M.S., M.Eng., MBA, etc.)","1000 to 9999","Estonia",NA,NA,0,0,0,1,0,0,1
"18-24 years old","In-person","Bachelor’s degree (B.A., B.S., B.Eng., etc.)","2 to 99","Switzerland",NA,39678,0,0,0,1,1,1,1
"25-34 years old","Hybrid (some remote, some in-person)","Master’s degree (M.A., M.S., M.Eng., MBA, etc.)","2 to 99","Finland",7,62969,0,0,0,1,0,0,1
"35-44 years old","Remote","Professional degree (JD, MD, Ph.D, Ed.D, etc.)","10000 or more","United States of America",NA,300000,0,0,0,1,1,0,1
"25-34 years old","Hybrid (some remote, some in-person)","Bachelor’s degree (B.A., B.S., B.Eng., etc.)","1000 to 9999","United Kingdom of Great Britain and Northern Ireland",4,64552,0,0,0,0,1,0,1
"25-34 years old","Hybrid (some remote, some in-person)","Bachelor’s degree (B.A., B.S., B.Eng., etc.)","100 to 999","France",4,61041,0,0,0,1,0,0,1
"18-24 years old","Remote","Bachelor’s degree (B.A., B.S., B.Eng., etc.)","2 to 99","United States of America",8,120000,1,0,0,1,0,0,1
"35-44 years old","Remote","Some college/university study without earning a degree","2 to 99","United Kingdom of Great Britain and Northern Ireland",20,62069,0,0,0,1,0,0,0
"18-24 years old","Hybrid (some remote, some in-person)","Bachelor’s degree (B.A., B.S., B.Eng., etc.)","10000 or more","Germany",NA,NA,0,0,0,1,0,0,1
"45-54 years old","Hybrid (some remote, some in-person)","Some college/university study without earning a degree","100 to 999","Slovenia",31,64254,0,0,0,1,0,0,1
"25-34 years old","Hybrid (some remote, some in-person)","Bachelor’s degree (B.A., B.S., B.Eng., etc.)","100 to 999","Poland",3,37325,0,0,0,1,0,0,0
"25-34 years old","Hybrid (some remote, some in-person)","Professional degree (JD, MD, Ph.D, Ed.D, etc.)","10000 or more","Germany",2,91026,0,0,1,1,1,0,1
"25-34 years old","Hybrid (some remote, some in-person)","Master’s degree (M.A., M.S., M.Eng., MBA, etc.)","2 to 99","Italy",5,43907,0,0,0,1,0,0,0
"25-34 years old","Remote","Professional degree (JD, MD, Ph.D, Ed.D, etc.)","2 to 99","United States of America",11,205000,0,0,0,1,0,0,0
"18-24 years old","Hybrid (some remote, some in-person)","Bachelor’s degree (B.A., B.S., B.Eng., etc.)","10000 or more","United Kingdom of Great Britain and Northern Ireland",NA,33586,0,0,0,1,0,0,1
"25-34 years old","Hybrid (some remote, some in-person)","Master’s degree (M.A., M.S., M.Eng., MBA, etc.)","10000 or more","United States of America",NA,NA,0,0,0,1,0,0,0
"35-44 years old","Hybrid (some remote, some in-person)","Master’s degree (M.A., M.S., M.Eng., MBA, etc.)","10000 or more","United States of America",NA,250000,1,0,0,1,0,0,0
"18-24 years old","Remote","Bachelor’s degree (B.A., B.S., B.Eng., etc.)","2 to 99","Canada",2,59481,1,1,1,1,0,0,0
"25-34 years old","Remote","Master’s degree (M.A., M.S., M.Eng., MBA, etc.)","2 to 99","United States of America",4,80000,0,0,0,1,0,0,1
"35-44 years old","Remote","Professional degree (JD, MD, Ph.D, Ed.D, etc.)","10000 or more","United Kingdom of Great Britain and Northern Ireland",NA,74483,0,0,0,1,1,0,1
"25-34 years old","Remote","Master’s degree (M.A., M.S., M.Eng., MBA, etc.)","100 to 999","United States of America",1,90000,0,1,0,1,1,0,1
"18-24 years old","Hybrid (some remote, some in-person)","Master’s degree (M.A., M.S., M.Eng., MBA, etc.)","100 to 999","Canada",NA,74351,0,1,0,1,0,0,0
"25-34 years old","In-person","Master’s degree (M.A., M.S., M.Eng., MBA, etc.)","1000 to 9999","Spain",2,40694,0,0,0,1,0,0,1
"25-34 years old","Hybrid (some remote, some in-person)","Master’s degree (M.A., M.S., M.Eng., MBA, etc.)","2 to 99","Denmark",3,79714,1,1,0,1,0,0,0
"18-24 years old","Hybrid (some remote, some in-person)","Master’s degree (M.A., M.S., M.Eng., MBA, etc.)","2 to 99","Netherlands",1,34697,1,0,1,1,1,0,1
"25-34 years old","Hybrid (some remote, some in-person)","Master’s degree (M.A., M.S., M.Eng., MBA, etc.)",NA,"Poland",NA,NA,0,0,0,1,0,0,0
"35-44 years old","Hybrid (some remote, some in-person)","Master’s degree (M.A., M.S., M.Eng., MBA, etc.)","1000 to 9999","Germany",11,85672,0,0,0,1,0,0,1
"18-24 years old","Hybrid (some remote, some in-person)","Master’s degree (M.A., M.S., M.Eng., MBA, etc.)","100 to 999","Spain",2,31190,0,0,0,1,1,0,0
"25-34 years old","Hybrid (some remote, some in-person)","Professional degree (JD, MD, Ph.D, Ed.D, etc.)","2 to 99","Canada",3,68255,0,0,0,1,1,0,1
"25-34 years old","Hybrid (some remote, some in-person)","Master’s degree (M.A., M.S., M.Eng., MBA, etc.)","1000 to 9999","Switzerland",4,124544,0,0,0,1,0,0,1
"25-34 years old","Remote","Master’s degree (M.A., M.S., M.Eng., MBA, etc.)","1000 to 9999","United States of America",6,170000,0,1,0,1,0,0,1
"18-24 years old","In-person","Bachelor’s degree (B.A., B.S., B.Eng., etc.)","2 to 99","Spain",NA,34269,0,0,0,1,0,0,0
"25-34 years old","Hybrid (some remote, some in-person)","Master’s degree (M.A., M.S., M.Eng., MBA, etc.)","100 to 999","Sweden",NA,48282,0,0,0,1,0,0,1
"25-34 years old","Hybrid (some remote, some in-person)","Master’s degree (M.A., M.S., M.Eng., MBA, etc.)","1000 to 9999","United States of America",NA,160000,1,0,0,1,0,0,1
"25-34 years old","In-person","Master’s degree (M.A., M.S., M.Eng., MBA, etc.)","2 to 99","Germany",2,58899,0,0,0,1,0,0,0
"25-34 years old","Remote","Master’s degree (M.A., M.S., M.Eng., MBA, etc.)","1000 to 9999","United States of America",5,132000,0,0,0,1,0,0,0
"25-34 years old","Hybrid (some remote, some in-person)","Bachelor’s degree (B.A., B.S., B.Eng., etc.)","10000 or more","United States of America",NA,97000,0,0,0,1,0,0,1
"25-34 years old","Hybrid (some remote, some in-person)","Master’s degree (M.A., M.S., M.Eng., MBA, etc.)","10000 or more","United Kingdom of Great Britain and Northern Ireland",NA,148966,0,1,0,1,0,0,1
"35-44 years old","Hybrid (some remote, some in-person)","Professional degree (JD, MD, Ph.D, Ed.D, etc.)","100 to 999","United States of America",10,197000,1,0,0,1,1,0,1
"35-44 years old","Hybrid (some remote, some in-person)","Bachelor’s degree (B.A., B.S., B.Eng., etc.)","100 to 999","United States of America",20,231525,0,0,0,1,1,0,1
"25-34 years old","Remote","Bachelor’s degree (B.A., B.S., B.Eng., etc.)","2 to 99","United States of America",5,190000,0,0,0,1,0,0,1
"25-34 years old","Hybrid (some remote, some in-person)","Master’s degree (M.A., M.S., M.Eng., MBA, etc.)","100 to 999","Germany",1,64254,0,0,0,1,0,0,1
"55-64 years old","Hybrid (some remote, some in-person)","Bachelor’s degree (B.A., B.S., B.Eng., etc.)","100 to 999","United States of America",25,280000,0,1,0,1,0,1,0
"18-24 years old","In-person","Bachelor’s degree (B.A., B.S., B.Eng., etc.)","10000 or more","United States of America",NA,196000,0,0,0,1,0,0,1
"35-44 years old","Remote","Professional degree (JD, MD, Ph.D, Ed.D, etc.)","10000 or more","United States of America",NA,150000,0,0,1,1,0,1,1
"25-34 years old","Remote","Master’s degree (M.A., M.S., M.Eng., MBA, etc.)","100 to 999","Poland",6,NA,0,0,0,1,0,0,1
